DROP TABLE IF EXISTS fridam.service;

DROP TABLE IF EXISTS fridam.clustercache;

CREATE TABLE fridam.service
(
   label text NOT NULL,
   description text NOT NULL,
   allowedroles text[],
   onboardingendpoint text,
   onboardingroles text[],
   oauth2clientid text NOT NULL,
   CONSTRAINT service_pk PRIMARY KEY (label)
);

CREATE TABLE fridam.clustercache
(
   key text NOT NULL,
   assignments text[] NOT NULL,
   CONSTRAINT clustercache_pkey PRIMARY KEY (key)
);

-- Add new columns to service table
ALTER TABLE fridam.service ADD COLUMN activationredirecturl text;
ALTER TABLE fridam.service ADD COLUMN selfregistrationallowed boolean DEFAULT false;

-- Enable self registration for specified services
UPDATE fridam.service SET selfregistrationallowed = true WHERE oauth2clientid IN ('divorce', 'cmc_citizen');

-- Reset conditions on column
ALTER TABLE fridam.service ALTER COLUMN selfregistrationallowed DROP DEFAULT;
ALTER TABLE fridam.service ALTER COLUMN selfregistrationallowed SET NOT NULL;

-- Add created date column to clustercache table
ALTER TABLE fridam.clustercache ADD COLUMN created_date TIMESTAMP DEFAULT NOW();
ALTER TABLE fridam.clustercache ADD COLUMN updated_date TIMESTAMP DEFAULT NOW();
ALTER TABLE fridam.clustercache ALTER COLUMN created_date DROP DEFAULT;
ALTER TABLE fridam.clustercache ALTER COLUMN updated_date DROP DEFAULT;

--
-- PostgreSQL database dump
--

-- Dumped from database version 9.6.1
-- Dumped by pg_dump version 11.2

-- Started on 2019-04-08 13:53:19 BST

SET statement_timeout = 0;
SET lock_timeout = 0;
SET idle_in_transaction_session_timeout = 0;
SET client_encoding = 'UTF8';
SET standard_conforming_strings = on;
SELECT pg_catalog.set_config('search_path', '', false);
SET check_function_bodies = false;
SET client_min_messages = warning;
SET row_security = off;

--
-- TOC entry 2746 (class 0 OID 16389)
-- Dependencies: 189
-- Data for Name: objecttypes; Type: TABLE DATA; Schema: openidm; Owner: openidm
--

COPY openidm.objecttypes (id, objecttype) FROM stdin;
1	config
2	cluster/states
3	scheduler
4	scheduler/jobGroups
5	scheduler/jobs
6	scheduler/triggerGroups
7	scheduler/triggers
8	managed/role
9	managed/assignment
10	relationships
11	managed/user
\.


--
-- TOC entry 2754 (class 0 OID 16469)
-- Dependencies: 197
-- Data for Name: configobjects; Type: TABLE DATA; Schema: openidm; Owner: openidm
--

COPY openidm.configobjects (id, objecttypes_id, objectid, rev, fullobject) FROM stdin;
1	1	org.forgerock.openidm.managed	1	{"_rev":"1","service__pid":"org.forgerock.openidm.managed","_id":"org.forgerock.openidm.managed","jsonconfig":{"objects":[{"name":"user","onCreate":{"type":"text/javascript","source":"require('ui/onCreateUser').setDefaultFields(object);require('ui/onCreateUser').createIdpRelationships(object);require('roles/conditionalRoles').updateConditionalGrantsForUser(object, 'roles');require('ui/onCreateUser').emailUser(object);require('ui/lastChanged').updateLastChanged(object);"},"onUpdate":{"type":"text/javascript","source":"require('ui/onUpdateUser').preserveLastSync(object, oldObject, request);require('ui/onUpdateUser').updateIdpRelationships(object);require('roles/conditionalRoles').updateConditionalGrantsForUser(object, 'roles');require('ui/onUpdateUser').createNotification(object, oldObject);require('ui/lastChanged').updateLastChanged(object);"},"onDelete":{"type":"text/javascript","file":"ui/onDelete-user-cleanup.js"},"postCreate":{"type":"text/javascript","file":"roles/postOperation-roles.js"},"postUpdate":{"type":"text/javascript","file":"roles/postOperation-roles.js"},"postDelete":{"type":"text/javascript","file":"roles/postOperation-roles.js"},"actions":{"resetPassword":{"type":"text/javascript","source":"require('ui/resetPassword').sendMail(object);"}},"schema":{"$schema":"http://forgerock.org/json-schema#","type":"object","title":"User","viewable":true,"id":"urn:jsonschema:org:forgerock:openidm:managed:api:User","description":"","icon":"fa-user","properties":{"_id":{"description":"User ID","type":"string","viewable":false,"searchable":false,"userEditable":false,"usageDescription":"","isPersonal":false,"policies":[{"policyId":"cannot-contain-characters","params":{"forbiddenChars":["/"]}}]},"userName":{"title":"Username","description":"Username","viewable":true,"type":"string","searchable":true,"userEditable":true,"minLength":1,"usageDescription":"","isPersonal":true,"policies":[{"policyId":"unique"},{"policyId":"no-internal-user-conflict"},{"policyId":"cannot-contain-characters","params":{"forbiddenChars":"*()&!%;/"}}]},"password":{"title":"Password","description":"Password","type":"string","viewable":false,"searchable":false,"minLength":8,"userEditable":true,"encryption":{"key":"openidm-sym-default"},"scope":"private","isProtected":true,"usageDescription":"","isPersonal":false,"policies":[{"policyId":"at-least-X-capitals","params":{"numCaps":1}},{"policyId":"at-least-X-numbers","params":{"numNums":1}},{"policyId":"cannot-contain-others","params":{"disallowedFields":["userName","givenName","sn"]}},{"policyId":"maximum-length","params":{"maxLength":"256"}},{"policyId":"password-blacklisted","params":{"filePath":"conf/blacklist.txt"}}]},"givenName":{"title":"First Name","description":"First Name","viewable":true,"type":"string","searchable":true,"userEditable":true,"usageDescription":"","isPersonal":true},"sn":{"title":"Last Name","description":"Last Name","viewable":true,"type":"string","searchable":true,"userEditable":true,"usageDescription":"","isPersonal":true},"mail":{"title":"Email Address","description":"Email Address","viewable":true,"type":"string","searchable":true,"userEditable":true,"usageDescription":"","isPersonal":true,"policies":[{"policyId":"valid-email-address-format"},{"policyId":"cannot-contain-characters","params":{"forbiddenChars":"*()&!%;/"}}]},"description":{"title":"Description","description":"Description","viewable":true,"type":"string","searchable":true,"userEditable":true,"usageDescription":"","isPersonal":false},"accountStatus":{"title":"Status","description":"Status","viewable":true,"type":"string","searchable":true,"userEditable":false,"usageDescription":"","isPersonal":false},"telephoneNumber":{"type":"string","title":"Mobile Phone","description":"Mobile Phone","viewable":true,"userEditable":true,"pattern":"^\\\\+?([0-9\\\\- \\\\(\\\\)])*$","usageDescription":"","isPersonal":true},"postalAddress":{"type":"string","title":"Address 1","description":"Address 1","viewable":true,"userEditable":true,"usageDescription":"","isPersonal":true},"address2":{"type":"string","title":"Address 2","description":"Address 2","viewable":true,"userEditable":true,"usageDescription":"","isPersonal":true},"city":{"type":"string","title":"City","description":"City","viewable":true,"userEditable":true,"usageDescription":"","isPersonal":false},"postalCode":{"type":"string","title":"Postal Code","description":"Postal Code","viewable":true,"userEditable":true,"usageDescription":"","isPersonal":false},"country":{"type":"string","title":"Country","description":"Country","viewable":true,"userEditable":true,"usageDescription":"","isPersonal":false},"stateProvince":{"type":"string","title":"State/Province","description":"State/Province","viewable":true,"userEditable":true,"usageDescription":"","isPersonal":false},"roles":{"description":"Provisioning Roles","title":"Provisioning Roles","id":"urn:jsonschema:org:forgerock:openidm:managed:api:User:roles","viewable":true,"userEditable":false,"returnByDefault":false,"usageDescription":"","isPersonal":false,"type":"array","items":{"type":"relationship","id":"urn:jsonschema:org:forgerock:openidm:managed:api:User:roles:items","title":"Provisioning Roles Items","reverseRelationship":true,"reversePropertyName":"members","validate":true,"properties":{"_ref":{"description":"References a relationship from a managed object","type":"string"},"_refProperties":{"description":"Supports metadata within the relationship","type":"object","title":"Provisioning Roles Items _refProperties","properties":{"_id":{"description":"_refProperties object ID","type":"string"},"_grantType":{"description":"Grant Type","type":"string","label":"Grant Type"}}}},"resourceCollection":[{"path":"managed/role","label":"Role","query":{"queryFilter":"true","fields":["name"]}}]}},"manager":{"type":"relationship","validate":true,"reverseRelationship":true,"reversePropertyName":"reports","description":"Manager","title":"Manager","viewable":true,"searchable":false,"usageDescription":"","isPersonal":false,"properties":{"_ref":{"description":"References a relationship from a managed object","type":"string"},"_refProperties":{"description":"Supports metadata within the relationship","type":"object","title":"Manager _refProperties","properties":{"_id":{"description":"_refProperties object ID","type":"string"}}}},"resourceCollection":[{"path":"managed/user","label":"User","query":{"queryFilter":"true","fields":["userName","givenName","sn"]}}],"userEditable":false},"authzRoles":{"description":"Authorization Roles","title":"Authorization Roles","id":"urn:jsonschema:org:forgerock:openidm:managed:api:User:authzRoles","viewable":true,"type":"array","userEditable":false,"returnByDefault":false,"usageDescription":"","isPersonal":false,"items":{"type":"relationship","title":"Authorization Roles Items","id":"urn:jsonschema:org:forgerock:openidm:managed:api:User:authzRoles:items","reverseRelationship":true,"reversePropertyName":"authzMembers","validate":true,"properties":{"_ref":{"description":"References a relationship from a managed object","type":"string"},"_refProperties":{"description":"Supports metadata within the relationship","type":"object","title":"Authorization Roles Items _refProperties","properties":{"_id":{"description":"_refProperties object ID","type":"string"}}}},"resourceCollection":[{"path":"repo/internal/role","label":"Internal Role","query":{"queryFilter":"true","fields":["_id","description"]}},{"path":"managed/role","label":"Role","query":{"queryFilter":"true","fields":["name"]}}]}},"reports":{"description":"Direct Reports","title":"Direct Reports","viewable":true,"userEditable":false,"type":"array","returnByDefault":false,"usageDescription":"","isPersonal":false,"items":{"type":"relationship","id":"urn:jsonschema:org:forgerock:openidm:managed:api:User:reports:items","title":"Direct Reports Items","reverseRelationship":true,"reversePropertyName":"manager","validate":true,"properties":{"_ref":{"description":"References a relationship from a managed object","type":"string"},"_refProperties":{"description":"Supports metadata within the relationship","type":"object","title":"Direct Reports Items _refProperties","properties":{"_id":{"description":"_refProperties object ID","type":"string"}}}},"resourceCollection":[{"path":"managed/user","label":"User","query":{"queryFilter":"true","fields":["userName","givenName","sn"]}}]}},"effectiveRoles":{"type":"array","title":"Effective Roles","description":"Effective Roles","viewable":false,"returnByDefault":true,"isVirtual":true,"usageDescription":"","isPersonal":false,"onRetrieve":{"type":"text/javascript","source":"require('roles/effectiveRoles').calculateEffectiveRoles(object, 'roles');"},"items":{"type":"object","title":"Effective Roles Items"}},"effectiveAssignments":{"type":"array","title":"Effective Assignments","description":"Effective Assignments","viewable":false,"returnByDefault":true,"isVirtual":true,"usageDescription":"","isPersonal":false,"onRetrieve":{"type":"text/javascript","file":"roles/effectiveAssignments.js","effectiveRolesPropName":"effectiveRoles"},"items":{"type":"object","title":"Effective Assignments Items"}},"lastSync":{"description":"Last Sync timestamp","title":"Last Sync timestamp","type":"object","scope":"private","viewable":false,"searchable":false,"usageDescription":"","isPersonal":false,"properties":{"effectiveAssignments":{"description":"Effective Assignments","title":"Effective Assignments","type":"array","items":{"type":"object","title":"Effective Assignments Items"}},"timestamp":{"description":"Timestamp","type":"string"}},"required":[],"order":["effectiveAssignments","timestamp"]},"kbaInfo":{"description":"KBA Info","type":"array","userEditable":true,"viewable":false,"usageDescription":"","isPersonal":true,"items":{"type":"object","title":"KBA Info Items","properties":{"answer":{"description":"Answer","type":"string"},"customQuestion":{"description":"Custom question","type":"string"},"questionId":{"description":"Question ID","type":"string"}},"order":["answer","customQuestion","questionId"],"required":[]}},"preferences":{"title":"Preferences","description":"Preferences","viewable":true,"searchable":false,"userEditable":true,"type":"object","usageDescription":"","isPersonal":false,"properties":{"updates":{"description":"Send me news and updates","type":"boolean"},"marketing":{"description":"Send me special offers and services","type":"boolean"}},"required":[],"order":["updates","marketing"]},"termsAccepted":{"title":"Terms Accepted","type":"object","viewable":false,"searchable":false,"userEditable":true,"usageDescription":"","isPersonal":false,"properties":{"termsVersion":{"title":"","description":"Terms & Conditions Version","type":"string","viewable":true,"userEditable":false},"iso8601date":{"title":"","description":"ISO 8601 Date and time format","type":"string","viewable":true,"userEditable":false}},"order":["termsVersion","iso8601date"],"required":[],"description":"Terms Accepted","returnByDefault":true,"isVirtual":false},"lastChanged":{"title":"Last Changed","type":"object","viewable":false,"searchable":false,"userEditable":false,"usageDescription":"","isPersonal":false,"properties":{"date":{"title":"","description":"Last changed date","type":"string","viewable":true,"searchable":true,"userEditable":true}},"required":["date"],"order":["date"],"description":"Last Changed","returnByDefault":true,"isVirtual":false},"consentedMappings":{"title":"Consented Mappings","description":"Consented Mappings","type":"array","viewable":false,"searchable":false,"userEditable":true,"usageDescription":"","isPersonal":false,"items":{"type":"array","title":"Consented Mappings Items","items":{"type":"object","title":"Consented Mappings Item","properties":{"mapping":{"title":"Mapping","description":"Mapping","type":"string","viewable":true,"searchable":true,"userEditable":true},"consentDate":{"title":"Consent Date","description":"Consent Date","type":"string","viewable":true,"searchable":true,"userEditable":true}},"order":["mapping","consentDate"],"required":["mapping","consentDate"]}},"returnByDefault":false,"isVirtual":false},"sunset":{"title":"Sunset","type":"object","viewable":true,"searchable":false,"userEditable":true,"properties":{"date":{"title":"Date","type":"string","viewable":true,"searchable":true,"userEditable":true}},"order":["date"],"description":"","isVirtual":false,"required":[]},"tacticalPassword":{"title":"Tactical Password (hashed)","type":["string","null"],"viewable":true,"searchable":true,"userEditable":false,"description":"","minLength":"","isVirtual":false,"scope":"private"},"tacticalRoles":{"title":"Tactical roles (comma-separated)","type":["string","null"],"viewable":true,"searchable":true,"userEditable":false,"description":"","minLength":"","isVirtual":false}},"order":["_id","userName","password","givenName","sn","mail","description","accountStatus","telephoneNumber","postalAddress","address2","city","postalCode","country","stateProvince","roles","manager","authzRoles","reports","effectiveRoles","effectiveAssignments","lastSync","kbaInfo","preferences","termsAccepted","lastChanged","consentedMappings","sunset","tacticalPassword","tacticalRoles"],"required":["userName","givenName","sn","mail"]}},{"name":"role","onDelete":{"type":"text/javascript","file":"roles/onDelete-roles.js"},"onSync":{"type":"text/javascript","source":"require('roles/onSync-roles').syncUsersOfRoles(resourceName, oldObject, newObject, ['members']);"},"onCreate":{"type":"text/javascript","source":"require('roles/conditionalRoles').roleCreate(object);"},"onUpdate":{"type":"text/javascript","source":"require('roles/conditionalRoles').roleUpdate(oldObject, object);"},"postCreate":{"type":"text/javascript","file":"roles/postOperation-roles.js"},"postUpdate":{"type":"text/javascript","file":"roles/postOperation-roles.js"},"postDelete":{"type":"text/javascript","file":"roles/postOperation-roles.js"},"schema":{"id":"urn:jsonschema:org:forgerock:openidm:managed:api:Role","$schema":"http://forgerock.org/json-schema#","type":"object","title":"Role","icon":"fa-check-square-o","description":"","properties":{"_id":{"description":"Role ID","title":"Name","viewable":false,"searchable":false,"type":"string"},"name":{"description":"The role name, used for display purposes.","title":"Name","viewable":true,"searchable":true,"type":"string"},"description":{"description":"The role description, used for display purposes.","title":"Description","viewable":true,"searchable":true,"type":"string"},"members":{"description":"Role Members","title":"Role Members","viewable":true,"type":"array","returnByDefault":false,"items":{"type":"relationship","id":"urn:jsonschema:org:forgerock:openidm:managed:api:Role:members:items","title":"Role Members Items","reverseRelationship":true,"reversePropertyName":"roles","validate":true,"properties":{"_ref":{"description":"References a relationship from a managed object","type":"string"},"_refProperties":{"description":"Supports metadata within the relationship","type":"object","title":"Role Members Items _refProperties","properties":{"_id":{"description":"_refProperties object ID","type":"string"},"_grantType":{"description":"Grant Type","type":"string","label":"Grant Type"}}}},"resourceCollection":[{"path":"managed/user","label":"User","query":{"queryFilter":"true","fields":["userName","givenName","sn"]}}]}},"authzMembers":{"description":"Authorization Role Members","title":"Authorization Role Members","viewable":true,"type":"array","returnByDefault":false,"items":{"type":"relationship","id":"urn:jsonschema:org:forgerock:openidm:managed:api:Role:authzMembers:items","title":"Authorization Role Members Items","reverseRelationship":true,"reversePropertyName":"authzRoles","validate":true,"properties":{"_ref":{"description":"References a relationship from a managed object","type":"string"},"_refProperties":{"description":"Supports metadata within the relationship","type":"object","title":"Authorization Role Members Items _refProperties","properties":{"_id":{"description":"_refProperties object ID","type":"string"}}}},"resourceCollection":[{"path":"managed/user","label":"User","query":{"queryFilter":"true","fields":["userName","givenName","sn"]}}]}},"assignments":{"description":"Managed Assignments","title":"Managed Assignments","viewable":true,"returnByDefault":false,"type":"array","items":{"type":"relationship","id":"urn:jsonschema:org:forgerock:openidm:managed:api:Role:assignments:items","title":"Managed Assignments Items","reverseRelationship":true,"reversePropertyName":"roles","validate":true,"properties":{"_ref":{"description":"References a relationship from a managed object","type":"string"},"_refProperties":{"description":"Supports metadata within the relationship","title":"Managed Assignments Items _refProperties","type":"object","properties":{"_id":{"description":"_refProperties object ID","type":"string"}}}},"resourceCollection":[{"path":"managed/assignment","label":"Assignment","query":{"queryFilter":"true","fields":["name"]}}]}},"condition":{"description":"A conditional filter for this role","title":"Condition","viewable":false,"searchable":false,"type":"string"},"temporalConstraints":{"description":"An array of temporal constraints for a role","title":"Temporal Constraints","viewable":false,"returnByDefault":true,"type":"array","items":{"type":"object","title":"Temporal Constraints Items","properties":{"duration":{"description":"Duration","type":"string"}},"required":["duration"],"order":["duration"]}}},"required":["name"],"order":["_id","name","description","assignments","members","condition","temporalConstraints"]}},{"name":"assignment","onSync":{"type":"text/javascript","source":"require('roles/onSync-assignments').syncUsersOfRolesWithAssignment(resourceName, oldObject, newObject, ['roles']);"},"schema":{"id":"urn:jsonschema:org:forgerock:openidm:managed:api:Assignment","$schema":"http://forgerock.org/json-schema#","type":"object","title":"Assignment","icon":"fa-key","description":"A role assignment","properties":{"_id":{"description":"The assignment ID","title":"Name","viewable":false,"searchable":false,"type":"string"},"name":{"description":"The assignment name, used for display purposes.","title":"Name","viewable":true,"searchable":true,"type":"string"},"description":{"description":"The assignment description, used for display purposes.","title":"Description","viewable":true,"searchable":true,"type":"string"},"mapping":{"description":"The name of the mapping this assignment applies to","title":"Mapping","viewable":true,"searchable":true,"type":"string","policies":[{"policyId":"mapping-exists"}]},"attributes":{"description":"The attributes operated on by this assignment.","title":"Assignment Attributes","viewable":true,"type":"array","items":{"type":"object","title":"Assignment Attributes Items","properties":{"assignmentOperation":{"description":"Assignment operation","type":"string"},"unassignmentOperation":{"description":"Unassignment operation","type":"string"},"name":{"description":"Name","type":"string"},"value":{"description":"Value","type":"string"}},"order":["assignmentOperation","unassignmentOperation","name","value"],"required":[]}},"linkQualifiers":{"description":"Conditional link qualifiers to restrict this assignment to.","title":"Link Qualifiers","viewable":true,"type":"array","items":{"type":"string","title":"Link Qualifiers Items"}},"roles":{"description":"Managed Roles","title":"Managed Roles","viewable":true,"userEditable":false,"type":"array","returnByDefault":false,"items":{"type":"relationship","id":"urn:jsonschema:org:forgerock:openidm:managed:api:Assignment:roles:items","title":"Managed Roles Items","reverseRelationship":true,"reversePropertyName":"assignments","validate":true,"properties":{"_ref":{"description":"References a relationship from a managed object","type":"string"},"_refProperties":{"description":"Supports metadata within the relationship","type":"object","title":"Managed Roles Items _refProperties","properties":{"_id":{"description":"_refProperties object ID","type":"string"}}}},"resourceCollection":[{"path":"managed/role","label":"Role","query":{"queryFilter":"true","fields":["name"]}}]}}},"required":["name","description","mapping"],"order":["_id","name","description","attributes","linkQualifiers"]}}],"_id":"managed"}}
2	1	org.forgerock.openidm.authentication	1	{"_rev":"1","service__pid":"org.forgerock.openidm.authentication","_id":"org.forgerock.openidm.authentication","jsonconfig":{"serverAuthContext":{"sessionModule":{"name":"JWT_SESSION","properties":{"keyAlias":"&{openidm.https.keystore.cert.alias}","privateKeyPassword":"&{openidm.keystore.password}","keystoreType":"&{openidm.keystore.type}","keystoreFile":"&{openidm.keystore.location}","keystorePassword":"&{openidm.keystore.password}","maxTokenLifeMinutes":"120","tokenIdleTimeMinutes":"30","sessionOnly":true,"isHttpOnly":true}},"authModules":[{"enabled":true,"properties":{"queryOnResource":"managed/user","queryId":"credential-query","defaultUserRoles":[],"augmentSecurityContext":{"type":"text/javascript","globals":{},"source":"require('auth/customAuthz').setProtectedAttributes(security)"},"propertyMapping":{"authenticationId":"username","userCredential":"password","userRoles":"roles"}},"name":"MANAGED_USER"},{"name":"INTERNAL_USER","properties":{"queryId":"credential-internaluser-query","queryOnResource":"repo/internal/user","propertyMapping":{"authenticationId":"username","userCredential":"password","userRoles":"roles"},"defaultUserRoles":[]},"enabled":true},{"name":"CLIENT_CERT","properties":{"queryOnResource":"security/truststore","defaultUserRoles":["openidm-cert"],"allowedAuthenticationIdPatterns":[]},"enabled":true},{"name":"SOCIAL_PROVIDERS","properties":{"defaultUserRoles":["openidm-authorized"],"augmentSecurityContext":{"type":"text/javascript","globals":{},"file":"auth/populateAsManagedUserFromRelationship.js"},"propertyMapping":{"userRoles":"authzRoles"}},"enabled":true}]},"_id":"authentication"}}
3	1	org.forgerock.openidm.cluster	1	{"_rev":"1","service__pid":"org.forgerock.openidm.cluster","_id":"org.forgerock.openidm.cluster","jsonconfig":{"instanceId":"&{openidm.node.id}","instanceTimeout":"30000","instanceRecoveryTimeout":"30000","instanceCheckInInterval":"5000","instanceCheckInOffset":"0","enabled":true,"_id":"cluster"}}
4	1	org.forgerock.openidm.selfservice.01df6cfe-e030-4b3d-a97b-29dfb725f476	0	{"config__factory-pid":"registration","felix__fileinstall__filename":"file:/opt/openidm/conf/selfservice-registration.json","_rev":"0","service__pid":"org.forgerock.openidm.selfservice.01df6cfe-e030-4b3d-a97b-29dfb725f476","_id":"org.forgerock.openidm.selfservice.01df6cfe-e030-4b3d-a97b-29dfb725f476","jsonconfig":{"allInOneRegistration":false,"stageConfigs":[{"name":"idmUserDetails","identityEmailField":"mail","socialRegistrationEnabled":false,"registrationProperties":["userName","givenName","sn","mail"],"identityServiceUrl":"managed/user"},{"name":"emailValidation","identityEmailField":"mail","emailServiceUrl":"external/email","emailServiceParameters":{"waitForCompletion":false},"from":"do_not_reply@hmcts.net","subject":"Register new account","mimeType":"text/html","subjectTranslations":{"en":"Complete your registration request"},"messageTranslations":{"en":"<h1>Activate your account</h1>\\nHello,<br/><br/>\\n\\nPlease click <a href=\\"%link%\\" target=\\"_self\\">here</a> to activate your account.<br/><br/>\\n                                                                \\nThe HMCTS IdAM team.\\n                                                                "},"verificationLinkToken":"%link%","verificationLink":"http://localhost:9002/users/register?"},{"class":"org.forgerock.selfservice.custom.UserInfoConfig","identityServiceUrl":"managed/user"},{"name":"selfRegistration","identityServiceUrl":"managed/user"}],"snapshotToken":{"type":"jwt","jweAlgorithm":"RSAES_PKCS1_V1_5","encryptionMethod":"A128CBC_HS256","jwsAlgorithm":"HS256","tokenExpiry":"172800"},"storage":"stateless","_id":"selfservice/registration"},"service__factoryPid":"org.forgerock.openidm.selfservice"}
6	1	org.forgerock.openidm.endpoint.a8b5220d-3b35-4f9c-a7df-115bac574a4a	0	{"config__factory-pid":"getprocessesforuser","felix__fileinstall__filename":"file:/opt/openidm/conf/endpoint-getprocessesforuser.json","_rev":"0","service__pid":"org.forgerock.openidm.endpoint.a8b5220d-3b35-4f9c-a7df-115bac574a4a","_id":"org.forgerock.openidm.endpoint.a8b5220d-3b35-4f9c-a7df-115bac574a4a","jsonconfig":{"type":"text/javascript","file":"workflow/getprocessesforuser.js","_id":"endpoint/getprocessesforuser"},"service__factoryPid":"org.forgerock.openidm.endpoint"}
8	1	org.forgerock.openidm.schedule.9e295777-1688-44a9-82d8-dca00cb4317d	0	{"config__factory-pid":"reconcile-roles","felix__fileinstall__filename":"file:/opt/openidm/conf/schedule-reconcile-roles.json","_rev":"0","service__pid":"org.forgerock.openidm.schedule.9e295777-1688-44a9-82d8-dca00cb4317d","_id":"org.forgerock.openidm.schedule.9e295777-1688-44a9-82d8-dca00cb4317d","jsonconfig":{"enabled":true,"type":"cron","schedule":"0 0 20 * * ?","timezone":"GMT","persisted":true,"invokeService":"sync","invokeContext":{"action":"reconcile","mapping":"managedRole_systemLdapGroup0"},"_id":"schedule/reconcile-roles"},"service__factoryPid":"org.forgerock.openidm.schedule"}
10	1	org.forgerock.openidm.repo.jdbc	1	{"_rev":"1","service__pid":"org.forgerock.openidm.repo.jdbc","_id":"org.forgerock.openidm.repo.jdbc","jsonconfig":{"dbType":"POSTGRESQL","useDataSource":"default","maxBatchSize":100,"maxTxRetry":5,"queries":{"genericTables":{"credential-query":"SELECT fullobject::text FROM ${_dbSchema}.${_mainTable} obj INNER JOIN ${_dbSchema}.objecttypes objtype ON objtype.id = obj.objecttypes_id WHERE lower(json_extract_path_text(fullobject, 'userName')) = lower(${username}) AND json_extract_path_text(fullobject, 'accountStatus') = 'active' AND objtype.objecttype = ${_resource}","get-by-field-value":"SELECT fullobject::text FROM ${_dbSchema}.${_mainTable} obj INNER JOIN ${_dbSchema}.objecttypes objtype ON objtype.id = obj.objecttypes_id WHERE json_extract_path_text(fullobject, ${field}) = ${value} AND objtype.objecttype = ${_resource}","query-all-ids":"SELECT obj.objectid FROM ${_dbSchema}.${_mainTable} obj INNER JOIN ${_dbSchema}.objecttypes objtype ON obj.objecttypes_id = objtype.id WHERE objtype.objecttype = ${_resource} LIMIT ${int:_pageSize} OFFSET ${int:_pagedResultsOffset}","query-all-ids-count":"SELECT COUNT(obj.objectid) AS total FROM ${_dbSchema}.${_mainTable} obj INNER JOIN ${_dbSchema}.objecttypes objtype ON obj.objecttypes_id = objtype.id WHERE objtype.objecttype = ${_resource}","query-all":"SELECT obj.fullobject::text FROM ${_dbSchema}.${_mainTable} obj INNER JOIN ${_dbSchema}.objecttypes objtype ON obj.objecttypes_id = objtype.id WHERE objtype.objecttype = ${_resource} LIMIT ${int:_pageSize} OFFSET ${int:_pagedResultsOffset}","query-all-count":"SELECT COUNT(obj.fullobject) AS total FROM ${_dbSchema}.${_mainTable} obj INNER JOIN ${_dbSchema}.objecttypes objtype ON obj.objecttypes_id = objtype.id WHERE objtype.objecttype = ${_resource}","for-userName":"SELECT fullobject::text FROM ${_dbSchema}.${_mainTable} obj INNER JOIN ${_dbSchema}.objecttypes objtype ON objtype.id = obj.objecttypes_id WHERE lower(json_extract_path_text(fullobject, 'userName')) = lower(${uid}) AND objtype.objecttype = ${_resource}","query-cluster-failed-instances":"SELECT fullobject::text FROM ${_dbSchema}.${_mainTable} obj WHERE json_extract_path_text(fullobject, 'timestamp') <= ${timestamp} AND json_extract_path_text(fullobject, 'state') IN ('1','2')","query-cluster-instances":"SELECT fullobject::text FROM ${_dbSchema}.${_mainTable} obj WHERE json_extract_path_text(fullobject, 'type') = 'state'","query-cluster-events":"SELECT fullobject::text FROM ${_dbSchema}.${_mainTable} obj WHERE json_extract_path_text(fullobject, 'type') = 'event' AND json_extract_path_text(fullobject, 'instanceId') = ${instanceId}","find-relationships-for-resource":"SELECT fullobject::text FROM ${_dbSchema}.relationships obj WHERE (((json_extract_path_text(obj.fullobject, 'firstId') = (${fullResourceId})) AND (json_extract_path_text(obj.fullobject, 'firstPropertyName') = (${resourceFieldName})))) OR (((json_extract_path_text(obj.fullobject, 'secondId') = (${fullResourceId})) AND (json_extract_path_text(obj.fullobject, 'secondPropertyName') = (${resourceFieldName}))))","find-relationship-edges":"SELECT fullobject::text FROM ${_dbSchema}.relationships obj WHERE (((json_extract_path_text(obj.fullobject, 'firstId') = (${vertex1Id})) AND (json_extract_path_text(obj.fullobject, 'firstPropertyName') = (${vertex1FieldName})) AND (json_extract_path_text(obj.fullobject, 'secondId') = (${vertex2Id})) AND (json_extract_path_text(obj.fullobject, 'secondPropertyName') = (${vertex2FieldName}))) OR ((json_extract_path_text(obj.fullobject, 'firstId') = (${vertex2Id})) AND (json_extract_path_text(obj.fullobject, 'firstPropertyName') = (${vertex2FieldName})) AND (json_extract_path_text(obj.fullobject, 'secondId') = (${vertex1Id})) AND (json_extract_path_text(obj.fullobject, 'secondPropertyName') = (${vertex1FieldName}))))"},"explicitTables":{"query-all-ids":"SELECT objectid FROM ${_dbSchema}.${_table}","for-internalcredentials":"select * FROM ${_dbSchema}.${_table} WHERE objectid = ${uid}","get-notifications-for-user":"select * FROM ${_dbSchema}.${_table} WHERE receiverId = ${userId} order by createDate desc","credential-query":"SELECT * FROM ${_dbSchema}.${_table} WHERE objectid = ${username}","credential-internaluser-query":"SELECT objectid, pwd, roles FROM ${_dbSchema}.${_table} WHERE objectid = ${username}","links-for-firstId":"SELECT * FROM ${_dbSchema}.${_table} WHERE linkType = ${linkType} AND firstid = ${firstId}","links-for-linkType":"SELECT * FROM ${_dbSchema}.${_table} WHERE linkType = ${linkType}","query-all":"SELECT * FROM ${_dbSchema}.${_table}","get-recons":"SELECT reconid, activitydate, mapping FROM ${_dbSchema}.${_table} WHERE mapping LIKE ${includeMapping} AND mapping NOT LIKE ${excludeMapping} AND entrytype = 'summary' ORDER BY activitydate DESC"}},"commands":{"genericTables":{},"explicitTables":{"purge-by-recon-ids-to-keep":"DELETE FROM ${_dbSchema}.${_table} WHERE mapping LIKE ${includeMapping} AND mapping NOT LIKE ${excludeMapping} AND reconId NOT IN (${list:reconIds})","purge-by-recon-expired":"DELETE FROM ${_dbSchema}.${_table} WHERE mapping LIKE ${includeMapping} AND mapping NOT LIKE ${excludeMapping} AND activitydate < ${timestamp}","delete-mapping-links":"DELETE FROM ${_dbSchema}.${_table} WHERE linktype = ${mapping}","delete-target-ids-for-recon":"DELETE FROM ${_dbSchema}.${_table} WHERE reconId = ${reconId}"}},"resourceMapping":{"default":{"mainTable":"genericobjects","propertiesTable":"genericobjectproperties","searchableDefault":true},"genericMapping":{"managed/*":{"mainTable":"managedobjects","propertiesTable":"managedobjectproperties","searchableDefault":true},"managed/user":{"mainTable":"managedobjects","propertiesTable":"managedobjectproperties","searchableDefault":false},"scheduler":{"mainTable":"schedulerobjects","propertiesTable":"schedulerobjectproperties","searchableDefault":false},"scheduler/*":{"mainTable":"schedulerobjects","propertiesTable":"schedulerobjectproperties","searchableDefault":false},"cluster":{"mainTable":"clusterobjects","propertiesTable":"clusterobjectproperties","searchableDefault":false},"config":{"mainTable":"configobjects","propertiesTable":"configobjectproperties","searchableDefault":false},"relationships":{"mainTable":"relationships","propertiesTable":"relationshipproperties","searchableDefault":false},"updates":{"mainTable":"updateobjects","propertiesTable":"updateobjectproperties","searchableDefault":false},"reconprogressstate":{"mainTable":"genericobjects","propertiesTable":"genericobjectproperties","searchableDefault":false,"properties":{"/reconId":{"searchable":true},"/startTime":{"searchable":true}}},"jsonstorage":{"mainTable":"genericobjects","propertiesTable":"genericobjectproperties","searchableDefault":false,"properties":{"/timestamp":{"searchable":true}}}},"explicitMapping":{"link":{"table":"links","objectToColumn":{"_id":"objectid","_rev":"rev","linkType":"linktype","firstId":"firstid","secondId":"secondid","linkQualifier":"linkqualifier"}},"ui/notification":{"table":"uinotification","objectToColumn":{"_id":"objectid","_rev":"rev","requester":"requester","requesterId":"requesterId","receiverId":"receiverId","createDate":"createDate","notificationType":"notificationType","notificationSubtype":"notificationSubtype","message":"message"}},"internal/user":{"table":"internaluser","objectToColumn":{"_id":"objectid","_rev":"rev","password":"pwd","roles":{"column":"roles","type":"JSON_LIST"}}},"internal/role":{"table":"internalrole","objectToColumn":{"_id":"objectid","_rev":"rev","description":"description"}},"audit/authentication":{"table":"auditauthentication","objectToColumn":{"_id":"objectid","transactionId":"transactionid","timestamp":"activitydate","userId":"userid","eventName":"eventname","provider":"provider","method":"method","result":"result","principal":{"column":"principals","type":"JSON_LIST"},"context":{"column":"context","type":"JSON_MAP"},"entries":{"column":"entries","type":"JSON_LIST"},"trackingIds":{"column":"trackingids","type":"JSON_LIST"}}},"audit/config":{"table":"auditconfig","objectToColumn":{"_id":"objectid","timestamp":"activitydate","eventName":"eventname","transactionId":"transactionid","userId":"userid","trackingIds":{"column":"trackingids","type":"JSON_LIST"},"runAs":"runas","objectId":"configobjectid","operation":"operation","before":"beforeObject","after":"afterObject","changedFields":{"column":"changedfields","type":"JSON_LIST"},"revision":"rev"}},"audit/activity":{"table":"auditactivity","objectToColumn":{"_id":"objectid","timestamp":"activitydate","eventName":"eventname","transactionId":"transactionid","userId":"userid","trackingIds":{"column":"trackingids","type":"JSON_LIST"},"runAs":"runas","objectId":"activityobjectid","operation":"operation","before":"subjectbefore","after":"subjectafter","changedFields":{"column":"changedfields","type":"JSON_LIST"},"revision":"subjectrev","passwordChanged":"passwordchanged","message":"message","provider":"provider","context":"context","status":"status"}},"audit/recon":{"table":"auditrecon","objectToColumn":{"_id":"objectid","transactionId":"transactionid","timestamp":"activitydate","eventName":"eventname","userId":"userid","trackingIds":{"column":"trackingids","type":"JSON_LIST"},"action":"activity","exception":"exceptiondetail","linkQualifier":"linkqualifier","mapping":"mapping","message":"message","messageDetail":{"column":"messagedetail","type":"JSON_MAP"},"situation":"situation","sourceObjectId":"sourceobjectid","status":"status","targetObjectId":"targetobjectid","reconciling":"reconciling","ambiguousTargetObjectIds":"ambiguoustargetobjectids","reconAction":"reconaction","entryType":"entrytype","reconId":"reconid"}},"audit/sync":{"table":"auditsync","objectToColumn":{"_id":"objectid","transactionId":"transactionid","timestamp":"activitydate","eventName":"eventname","userId":"userid","trackingIds":{"column":"trackingids","type":"JSON_LIST"},"action":"activity","exception":"exceptiondetail","linkQualifier":"linkqualifier","mapping":"mapping","message":"message","messageDetail":{"column":"messagedetail","type":"JSON_MAP"},"situation":"situation","sourceObjectId":"sourceobjectid","status":"status","targetObjectId":"targetobjectid"}},"audit/access":{"table":"auditaccess","objectToColumn":{"_id":"objectid","timestamp":"activitydate","eventName":"eventname","transactionId":"transactionid","userId":"userid","trackingIds":{"column":"trackingids","type":"JSON_LIST"},"server/ip":"server_ip","server/port":"server_port","client/ip":"client_ip","client/port":"client_port","request/protocol":"request_protocol","request/operation":"request_operation","request/detail":{"column":"request_detail","type":"JSON_MAP"},"http/request/secure":"http_request_secure","http/request/method":"http_request_method","http/request/path":"http_request_path","http/request/queryParameters":{"column":"http_request_queryparameters","type":"JSON_MAP"},"http/request/headers":{"column":"http_request_headers","type":"JSON_MAP"},"http/request/cookies":{"column":"http_request_cookies","type":"JSON_MAP"},"http/response/headers":{"column":"http_response_headers","type":"JSON_MAP"},"response/status":"response_status","response/statusCode":"response_statuscode","response/elapsedTime":"response_elapsedtime","response/elapsedTimeUnits":"response_elapsedtimeunits","response/detail":{"column":"response_detail","type":"JSON_MAP"},"roles":"roles"}},"security/keys":{"table":"securitykeys","objectToColumn":{"_id":"objectid","_rev":"rev","keyPair":"keypair"}},"clusteredrecontargetids":{"table":"clusteredrecontargetids","objectToColumn":{"_id":"objectid","_rev":"rev","reconId":"reconid","targetIds":{"column":"targetids","type":"JSON_LIST"}}}}},"_id":"repo.jdbc"}}
11	1	org.forgerock.openidm.ui.context.d2796db5-f915-4d22-b976-8957365c62fa	0	{"config__factory-pid":"api","felix__fileinstall__filename":"file:/opt/openidm/conf/ui.context-api.json","_rev":"0","service__pid":"org.forgerock.openidm.ui.context.d2796db5-f915-4d22-b976-8957365c62fa","_id":"org.forgerock.openidm.ui.context.d2796db5-f915-4d22-b976-8957365c62fa","jsonconfig":{"enabled":true,"urlContextRoot":"/api","defaultDir":"&{launcher.install.location}/ui/api/default","extensionDir":"&{launcher.install.location}/ui/api/extension","_id":"ui.context/api"},"service__factoryPid":"org.forgerock.openidm.ui.context"}
12	1	org.forgerock.openidm.ui.context.factory	3	{"factory__pid":"org.forgerock.openidm.ui.context","factory__pidList":["org.forgerock.openidm.ui.context.207d191d-22f0-45c3-80c3-e1383dfa2c4f","org.forgerock.openidm.ui.context.d2796db5-f915-4d22-b976-8957365c62fa","org.forgerock.openidm.ui.context.caa966f5-5cd8-4582-bf77-3a4e3a1c5f8e","org.forgerock.openidm.ui.context.c2a77b43-8206-4005-a134-c526a2e95069","_openidm_orig_array","_openidm_orig_array_type=java.lang.String"],"_rev":"3","_id":"org.forgerock.openidm.ui.context.factory","jsonconfig":null}
5	1	org.forgerock.openidm.selfservice.factory	1	{"factory__pid":"org.forgerock.openidm.selfservice","factory__pidList":["org.forgerock.openidm.selfservice.b61e1b34-5823-4d8d-bdd8-da96ac9458f6","org.forgerock.openidm.selfservice.01df6cfe-e030-4b3d-a97b-29dfb725f476","_openidm_orig_array","_openidm_orig_array_type=java.lang.String"],"_rev":"1","_id":"org.forgerock.openidm.selfservice.factory","jsonconfig":null}
9	1	org.forgerock.openidm.schedule.factory	2	{"factory__pid":"org.forgerock.openidm.schedule","factory__pidList":["org.forgerock.openidm.schedule.9e295777-1688-44a9-82d8-dca00cb4317d","org.forgerock.openidm.schedule.832d9581-d9ae-4736-aa63-ad87e830d32a","org.forgerock.openidm.schedule.7eb4c308-dfb8-4814-95a6-a6eeecf006c6","_openidm_orig_array","_openidm_orig_array_type=java.lang.String"],"_rev":"2","_id":"org.forgerock.openidm.schedule.factory","jsonconfig":null}
13	1	org.forgerock.openidm.selfservice.propertymap	1	{"_rev":"1","service__pid":"org.forgerock.openidm.selfservice.propertymap","_id":"org.forgerock.openidm.selfservice.propertymap","jsonconfig":{"properties":[{"source":"givenName","target":"givenName"},{"source":"familyName","target":"sn"},{"source":"email","target":"mail"},{"source":"postalAddress","target":"postalAddress","condition":"/object/postalAddress  pr"},{"source":"addressLocality","target":"city","condition":"/object/addressLocality  pr"},{"source":"addressRegion","target":"stateProvince","condition":"/object/addressRegion  pr"},{"source":"postalCode","target":"postalCode","condition":"/object/postalCode  pr"},{"source":"country","target":"country","condition":"/object/country  pr"},{"source":"phone","target":"telephoneNumber","condition":"/object/phone  pr"},{"source":"username","target":"userName"}],"_id":"selfservice.propertymap"}}
14	1	org.forgerock.openidm.metrics	1	{"_rev":"1","service__pid":"org.forgerock.openidm.metrics","_id":"org.forgerock.openidm.metrics","jsonconfig":{"enabled":false,"_id":"metrics"}}
15	1	org.forgerock.openidm.endpoint.601e78e1-11b1-46a5-b356-900c4d47940f	0	{"config__factory-pid":"getavailableuserstoassign","felix__fileinstall__filename":"file:/opt/openidm/conf/endpoint-getavailableuserstoassign.json","_rev":"0","service__pid":"org.forgerock.openidm.endpoint.601e78e1-11b1-46a5-b356-900c4d47940f","_id":"org.forgerock.openidm.endpoint.601e78e1-11b1-46a5-b356-900c4d47940f","jsonconfig":{"type":"text/javascript","file":"workflow/getavailableuserstoassign.js","_id":"endpoint/getavailableuserstoassign"},"service__factoryPid":"org.forgerock.openidm.endpoint"}
16	1	org.forgerock.openidm.endpoint.52e65bdd-5982-477d-9a8c-af6077b004d2	0	{"config__factory-pid":"gettasksview","felix__fileinstall__filename":"file:/opt/openidm/conf/endpoint-gettasksview.json","_rev":"0","service__pid":"org.forgerock.openidm.endpoint.52e65bdd-5982-477d-9a8c-af6077b004d2","_id":"org.forgerock.openidm.endpoint.52e65bdd-5982-477d-9a8c-af6077b004d2","jsonconfig":{"type":"text/javascript","file":"workflow/gettasksview.js","_id":"endpoint/gettasksview"},"service__factoryPid":"org.forgerock.openidm.endpoint"}
17	1	org.forgerock.openidm.servletfilter.cc742f00-3aa1-4469-a633-693534d9e779	0	{"config__factory-pid":"cors","felix__fileinstall__filename":"file:/opt/openidm/conf/servletfilter-cors.json","_rev":"0","service__pid":"org.forgerock.openidm.servletfilter.cc742f00-3aa1-4469-a633-693534d9e779","_id":"org.forgerock.openidm.servletfilter.cc742f00-3aa1-4469-a633-693534d9e779","jsonconfig":{"classPathURLs":[],"systemProperties":{},"requestAttributes":{},"scriptExtensions":{},"initParams":{"allowedOrigins":"https://localhost:&{openidm.port.https}","allowedMethods":"GET,POST,PUT,DELETE,PATCH","allowedHeaders":"accept,x-openidm-password,x-openidm-nosession,x-openidm-username,content-type,origin,x-requested-with","allowCredentials":"true","chainPreflight":"false"},"urlPatterns":["/*"],"filterClass":"org.eclipse.jetty.servlets.CrossOriginFilter","_id":"servletfilter/cors"},"service__factoryPid":"org.forgerock.openidm.servletfilter"}
19	1	org.forgerock.openidm.process.f8ad846f-d54a-414a-bc6b-6382d7a09d74	0	{"config__factory-pid":"access","felix__fileinstall__filename":"file:/opt/openidm/conf/process-access.json","_rev":"0","service__pid":"org.forgerock.openidm.process.f8ad846f-d54a-414a-bc6b-6382d7a09d74","_id":"org.forgerock.openidm.process.f8ad846f-d54a-414a-bc6b-6382d7a09d74","jsonconfig":{"workflowAccess":[{"propertiesCheck":{"property":"_id","matches":".*","requiresRole":"openidm-authorized"}},{"propertiesCheck":{"property":"_id","matches":".*","requiresRole":"openidm-admin"}}],"_id":"process/access"},"service__factoryPid":"org.forgerock.openidm.process"}
20	1	org.forgerock.openidm.process.factory	0	{"factory__pid":"org.forgerock.openidm.process","factory__pidList":["org.forgerock.openidm.process.f8ad846f-d54a-414a-bc6b-6382d7a09d74","_openidm_orig_array","_openidm_orig_array_type=java.lang.String"],"_rev":"0","_id":"org.forgerock.openidm.process.factory","jsonconfig":null}
21	1	org.forgerock.openidm.felix.webconsole	1	{"_rev":"1","service__pid":"org.forgerock.openidm.felix.webconsole","_id":"org.forgerock.openidm.felix.webconsole","jsonconfig":{"username":"admin","password":{"$crypto":{"type":"x-simple-encryption","value":{"cipher":"AES/CBC/PKCS5Padding","salt":"6rWQ+w5aFyfz01VyDGqQag==","data":"ofVg6er2fxzbDH6A2Asb7A==","iv":"M0rdVRJ28u40EnQ5L/kINQ==","key":"openidm-sym-default","mac":"+nC/vbOefNjNONWb967TZw=="}}},"_id":"felix.webconsole"}}
22	1	org.forgerock.openidm.selfservice.kba	1	{"_rev":"1","service__pid":"org.forgerock.openidm.selfservice.kba","_id":"org.forgerock.openidm.selfservice.kba","jsonconfig":{"kbaPropertyName":"kbaInfo","minimumAnswersToDefine":2,"minimumAnswersToVerify":1,"questions":{"1":{"en":"What's your favorite color?","en_GB":"What is your favourite colour?","fr":"Quelle est votre couleur préférée?"},"2":{"en":"Who was your first employer?"}},"_id":"selfservice.kba"}}
41	1	org.forgerock.openidm.emailTemplate.8b230c01-5808-4de9-8807-605f3e5c415b	0	{"config__factory-pid":"welcome","felix__fileinstall__filename":"file:/opt/openidm/conf/emailTemplate-welcome.json","_rev":"0","service__pid":"org.forgerock.openidm.emailTemplate.8b230c01-5808-4de9-8807-605f3e5c415b","_id":"org.forgerock.openidm.emailTemplate.8b230c01-5808-4de9-8807-605f3e5c415b","jsonconfig":{"enabled":false,"from":"","subject":{"en":"Your account has been created"},"message":{"en":"<html><body><html><body><p>Welcome to OpenIDM. Your username is '{{object.userName}}'.</p></body></html></body></html>"},"defaultLocale":"en","_id":"emailTemplate/welcome"},"service__factoryPid":"org.forgerock.openidm.emailTemplate"}
43	1	org.forgerock.openidm.endpoint.2bc5fef9-5b31-4d03-998f-f0eeafae3871	0	{"config__factory-pid":"oauthproxy","felix__fileinstall__filename":"file:/opt/openidm/conf/endpoint-oauthproxy.json","_rev":"0","service__pid":"org.forgerock.openidm.endpoint.2bc5fef9-5b31-4d03-998f-f0eeafae3871","_id":"org.forgerock.openidm.endpoint.2bc5fef9-5b31-4d03-998f-f0eeafae3871","jsonconfig":{"context":"endpoint/oauthproxy","type":"text/javascript","file":"ui/oauthProxy.js","_id":"endpoint/oauthproxy"},"service__factoryPid":"org.forgerock.openidm.endpoint"}
18	1	org.forgerock.openidm.servletfilter.factory	1	{"factory__pid":"org.forgerock.openidm.servletfilter","factory__pidList":["org.forgerock.openidm.servletfilter.cc742f00-3aa1-4469-a633-693534d9e779","org.forgerock.openidm.servletfilter.d180ed1f-7c1a-42ac-8b0d-4b104f72176a","_openidm_orig_array","_openidm_orig_array_type=java.lang.String"],"_rev":"1","_id":"org.forgerock.openidm.servletfilter.factory","jsonconfig":null}
23	1	org.forgerock.openidm.sync	1	{"_rev":"1","service__pid":"org.forgerock.openidm.sync","_id":"org.forgerock.openidm.sync","jsonconfig":{"mappings":[{"target":"system/ldap/account","source":"managed/user","name":"managedUser_systemLdapAccount","properties":[{"target":"givenName","source":"givenName"},{"target":"sn","source":"sn"},{"target":"cn","transform":{"type":"text/javascript","globals":{},"source":"source.displayName || (source.givenName + ' ' + source.sn)"},"source":""},{"target":"uid","source":"userName"},{"target":"mail","source":"mail"},{"target":"userPassword","transform":{"type":"text/javascript","globals":{},"source":"openidm.decrypt(source)"},"source":"password","condition":{"type":"text/javascript","globals":{},"source":"object.password != null"}},{"target":"userPassword","source":"tacticalPassword","transform":{"type":"text/javascript","globals":{},"source":"\\"{BCRYPT}\\" + source"},"condition":{"type":"text/javascript","globals":{},"source":"(object.password == null && object.tacticalPassword != null)"}},{"target":"dn","source":"userName","transform":{"type":"text/javascript","globals":{},"source":"username = source.replace(/[\\\\,\\\\+\\\\=\\\\;\\\\/]/g, \\"\\\\\\\\\\\\$&\\");\\nusername = username.replace(/[%]/g, \\"%25\\");\\n\\"uid=\\" + username + \\",ou=people,dc=reform,dc=hmcts,dc=net\\""}},{"target":"inetUserStatus","source":"accountStatus"}],"policies":[{"action":"EXCEPTION","situation":"AMBIGUOUS"},{"action":"DELETE","situation":"SOURCE_MISSING"},{"action":"UNLINK","situation":"MISSING"},{"action":"EXCEPTION","situation":"FOUND_ALREADY_LINKED"},{"action":"DELETE","situation":"UNQUALIFIED"},{"action":"EXCEPTION","situation":"UNASSIGNED"},{"action":"EXCEPTION","situation":"LINK_ONLY"},{"action":"IGNORE","situation":"TARGET_IGNORED"},{"action":"IGNORE","situation":"SOURCE_IGNORED"},{"action":"IGNORE","situation":"ALL_GONE"},{"action":"UPDATE","situation":"CONFIRMED"},{"action":"UPDATE","situation":"FOUND"},{"action":"CREATE","situation":"ABSENT"}],"enableSync":true,"correlationQuery":[{"linkQualifier":"default","type":"text/javascript","globals":{},"source":"var map = {'_queryFilter': 'uid eq \\\\\\"' + source.userName + '\\\\\\"'}; map;\\n"}]},{"target":"system/ldap/group","source":"managed/role","name":"managedRole_systemLdapGroup0","properties":[{"target":"dn","transform":{"type":"text/javascript","globals":{},"source":"\\"cn=\\" + source.name + \\",ou=groups,dc=reform,dc=hmcts,dc=net\\""},"source":""},{"target":"cn","transform":{"type":"text/javascript","globals":{},"source":"source.name"},"source":""}],"policies":[{"action":"EXCEPTION","situation":"AMBIGUOUS"},{"action":"DELETE","situation":"SOURCE_MISSING"},{"action":"CREATE","situation":"MISSING"},{"action":"EXCEPTION","situation":"FOUND_ALREADY_LINKED"},{"action":"DELETE","situation":"UNQUALIFIED"},{"action":"EXCEPTION","situation":"UNASSIGNED"},{"action":"EXCEPTION","situation":"LINK_ONLY"},{"action":"IGNORE","situation":"TARGET_IGNORED"},{"action":"IGNORE","situation":"SOURCE_IGNORED"},{"action":"IGNORE","situation":"ALL_GONE"},{"action":"UPDATE","situation":"CONFIRMED"},{"action":"UPDATE","situation":"FOUND"},{"action":"CREATE","situation":"ABSENT"}],"correlationQuery":[{"linkQualifier":"default","expressionTree":{"any":["dn","cn"]},"mapping":"managedRole_systemLdapGroup0","type":"text/javascript","file":"ui/correlateTreeToQueryFilter.js"}]},{"target":"managed/user","source":"system/CsvTacticalUsers/RegisteredUser","name":"TacticalUser__managedUser","icon":null,"properties":[{"target":"_id","source":"__UID__"},{"target":"userName","source":"","transform":{"type":"text/javascript","globals":{},"source":"if (source.pin != null) { \\n  source.pin; \\n} else { \\n  source.email; \\n}"}},{"target":"tacticalPassword","source":"","transform":{"type":"text/javascript","globals":{},"source":"if (source.pin != null && source.password == null) { \\n  \\"$2a$12$WBqkE.0Fk80hlY0WPp0HF.XnYppE7qEOccR4gw4sFoLCsVicwzFFO\\"; \\n} else {\\n  source.password; \\n}"}},{"target":"tacticalRoles","source":"roles"},{"target":"givenName","source":"forename"},{"target":"sn","source":"surname"},{"target":"accountStatus","source":"enabled","transform":{"type":"text/javascript","globals":{},"source":"if (source == \\"f\\") { \\n  \\"inactive\\"; \\n} else { \\n  \\"active\\"; \\n}"}},{"target":"mail","transform":{"type":"text/javascript","globals":{},"source":"if (source.pin != null) { \\n  var firstName = source.forename; \\n  var lastName = source.surname; \\n  var pin = source.pin; \\n  \\"${firstName}.${lastName}@${pin}.idampin\\"\\n    .replace(\\"${firstName}\\", firstName)\\n    .replace(\\"${lastName}\\", lastName)\\n    .replace(\\"${pin}\\", pin); \\n} else { \\n  source.email; \\n}"},"source":""},{"target":"sunset","source":"","transform":{"type":"text/javascript","globals":{},"source":"var sunset = {};\\nif (source.pin != null) { \\n  var expirationDate = new Date(); \\n  expirationDate.setSeconds(expirationDate.getSeconds() + 1728000); \\n  sunset = {\\"date\\" : expirationDate.toISOString()};\\n  \\n} \\nsunset;"}}],"policies":[{"action":"EXCEPTION","situation":"AMBIGUOUS"},{"action":"EXCEPTION","situation":"SOURCE_MISSING"},{"action":"CREATE","situation":"MISSING"},{"action":"EXCEPTION","situation":"FOUND_ALREADY_LINKED"},{"action":"EXCEPTION","situation":"UNQUALIFIED"},{"action":"EXCEPTION","situation":"UNASSIGNED"},{"action":"IGNORE","situation":"LINK_ONLY"},{"action":"IGNORE","situation":"TARGET_IGNORED"},{"action":"IGNORE","situation":"SOURCE_IGNORED"},{"action":"IGNORE","situation":"ALL_GONE"},{"action":"UPDATE","situation":"CONFIRMED"},{"action":"UPDATE","situation":"FOUND"},{"action":"CREATE","situation":"ABSENT"}],"enableSync":false}],"_id":"sync"}}
24	1	org.forgerock.openidm.ui.f4a3a484-d582-4f24-ac36-43a0f0039866	0	{"config__factory-pid":"themeconfig","felix__fileinstall__filename":"file:/opt/openidm/conf/ui-themeconfig.json","_rev":"0","service__pid":"org.forgerock.openidm.ui.f4a3a484-d582-4f24-ac36-43a0f0039866","_id":"org.forgerock.openidm.ui.f4a3a484-d582-4f24-ac36-43a0f0039866","jsonconfig":{"icon":"favicon.ico","path":"","stylesheets":["css/bootstrap-3.3.5-custom.css","css/structure.css","css/theme.css"],"settings":{"logo":{"src":"images/logo-horizontal.png","title":"ForgeRock","alt":"ForgeRock"},"loginLogo":{"src":"images/login-logo.png","title":"ForgeRock","alt":"ForgeRock","height":"104px","width":"210px"},"footer":{"mailto":"info@forgerock.com"}},"_id":"ui/themeconfig"},"service__factoryPid":"org.forgerock.openidm.ui"}
26	1	org.forgerock.openidm.scheduler	1	{"_rev":"1","service__pid":"org.forgerock.openidm.scheduler","_id":"org.forgerock.openidm.scheduler","jsonconfig":{"threadPool":{"threadCount":"10"},"scheduler":{"executePersistentSchedules":"&{openidm.scheduler.execute.persistent.schedules}"},"_id":"scheduler"}}
27	1	org.forgerock.openidm.endpoint.a8bb1458-4286-4f0b-8101-600f2006b3ba	0	{"config__factory-pid":"reconResults","felix__fileinstall__filename":"file:/opt/openidm/conf/endpoint-reconResults.json","_rev":"0","service__pid":"org.forgerock.openidm.endpoint.a8bb1458-4286-4f0b-8101-600f2006b3ba","_id":"org.forgerock.openidm.endpoint.a8bb1458-4286-4f0b-8101-600f2006b3ba","jsonconfig":{"type":"text/javascript","context":"endpoint/reconResults","file":"ui/reconResults.js","_id":"endpoint/reconResults"},"service__factoryPid":"org.forgerock.openidm.endpoint"}
28	1	org.forgerock.openidm.ui.context.207d191d-22f0-45c3-80c3-e1383dfa2c4f	0	{"config__factory-pid":"selfservice","felix__fileinstall__filename":"file:/opt/openidm/conf/ui.context-selfservice.json","_rev":"0","service__pid":"org.forgerock.openidm.ui.context.207d191d-22f0-45c3-80c3-e1383dfa2c4f","_id":"org.forgerock.openidm.ui.context.207d191d-22f0-45c3-80c3-e1383dfa2c4f","jsonconfig":{"enabled":true,"urlContextRoot":"/","defaultDir":"&{launcher.install.location}/ui/selfservice/default","extensionDir":"&{launcher.install.location}/ui/selfservice/extension","responseHeaders":{"X-Frame-Options":"DENY"},"_id":"ui.context/selfservice"},"service__factoryPid":"org.forgerock.openidm.ui.context"}
29	1	org.forgerock.openidm.ui.d0b71f50-f715-49c3-82a7-c38734859a03	0	{"config__factory-pid":"configuration","felix__fileinstall__filename":"file:/opt/openidm/conf/ui-configuration.json","_rev":"0","service__pid":"org.forgerock.openidm.ui.d0b71f50-f715-49c3-82a7-c38734859a03","_id":"org.forgerock.openidm.ui.d0b71f50-f715-49c3-82a7-c38734859a03","jsonconfig":{"configuration":{"selfRegistration":true,"passwordReset":true,"forgotUsername":false,"lang":"en","passwordResetLink":"","roles":{"openidm-authorized":"ui-user","openidm-admin":"ui-admin"},"notificationTypes":{"info":{"name":"common.notification.types.info","iconPath":"images/notifications/info.png"},"warning":{"name":"common.notification.types.warning","iconPath":"images/notifications/warning.png"},"error":{"name":"common.notification.types.error","iconPath":"images/notifications/error.png"}},"defaultNotificationType":"info","kbaDefinitionEnabled":true,"kbaEnabled":true},"_id":"ui/configuration"},"service__factoryPid":"org.forgerock.openidm.ui"}
30	1	org.forgerock.openidm.info.bf2b6da5-3dae-4d16-8bad-95f49d9b9890	0	{"config__factory-pid":"uiconfig","felix__fileinstall__filename":"file:/opt/openidm/conf/info-uiconfig.json","_rev":"0","service__pid":"org.forgerock.openidm.info.bf2b6da5-3dae-4d16-8bad-95f49d9b9890","_id":"org.forgerock.openidm.info.bf2b6da5-3dae-4d16-8bad-95f49d9b9890","jsonconfig":{"file":"info/uiconfig.js","type":"text/javascript","apiDescription":{"title":"Information","description":"Service that provides OpenIDM UI information.","mvccSupported":false,"read":{"description":"Provides the UI configuration of this OpenIDM instance."},"resourceSchema":{"title":"UI Info","type":"object","required":["configuration"],"properties":{"configuration":{"type":"object","title":"OpenIDM UI configuration","required":["selfRegistration","passwordReset","forgottenUsername","roles","notificationTypes","defaultNotificationType"],"properties":{"selfRegistration":{"type":"boolean","description":"Whether self-registration is enabled"},"passwordReset":{"type":"boolean","description":"Whether password reset is enabled"},"forgottenUsername":{"type":"boolean","description":"Whether forgotten username is enabled"},"lang":{"type":"string","description":"The user-agent requested language, or default language if not supplied"},"passwordResetLink":{"type":"string","description":"Link to an external application that can perform password reset"},"roles":{"type":"object","title":"Maps OpenIDM users' authzRoles to UI roles"},"notificationTypes":{"type":"object","title":"Configuration for UI notification icons","required":["info","warning","error"],"properties":{"info":{"type":"object","title":"Information notification","required":["name","iconPath"],"properties":{"name":{"type":"string","description":"The translation key for the notification text"},"iconPath":{"type":"string","description":"The path to the notification icon"}}},"warning":{"type":"object","title":"Warning notification","required":["name","iconPath"],"properties":{"name":{"type":"string","description":"The translation key for the notification text"},"iconPath":{"type":"string","description":"The path to the notification icon"}}},"error":{"type":"object","title":"Error notification","required":["name","iconPath"],"properties":{"name":{"type":"string","description":"The translation key for the notification text"},"iconPath":{"type":"string","description":"The path to the notification icon"}}}}},"defaultNotificationType":{"type":"object","description":"The default notification type"}}}}}},"_id":"info/uiconfig"},"service__factoryPid":"org.forgerock.openidm.info"}
42	1	org.forgerock.openidm.emailTemplate.factory	1	{"factory__pid":"org.forgerock.openidm.emailTemplate","factory__pidList":["org.forgerock.openidm.emailTemplate.7e21bcdc-e079-4d20-b004-27de218c8e19","org.forgerock.openidm.emailTemplate.8b230c01-5808-4de9-8807-605f3e5c415b","_openidm_orig_array","_openidm_orig_array_type=java.lang.String"],"_rev":"1","_id":"org.forgerock.openidm.emailTemplate.factory","jsonconfig":null}
25	1	org.forgerock.openidm.ui.factory	3	{"factory__pid":"org.forgerock.openidm.ui","factory__pidList":["org.forgerock.openidm.ui.f4a3a484-d582-4f24-ac36-43a0f0039866","org.forgerock.openidm.ui.d0b71f50-f715-49c3-82a7-c38734859a03","org.forgerock.openidm.ui.8a2fd12d-5c33-4d1e-86c6-54b75f73e15d","org.forgerock.openidm.ui.172f1099-94c9-423e-ae40-03df70a5f672","_openidm_orig_array","_openidm_orig_array_type=java.lang.String"],"_rev":"3","_id":"org.forgerock.openidm.ui.factory","jsonconfig":null}
32	1	org.forgerock.openidm.info.25633d08-9464-497f-b838-b84bb35416c9	0	{"config__factory-pid":"login","felix__fileinstall__filename":"file:/opt/openidm/conf/info-login.json","_rev":"0","service__pid":"org.forgerock.openidm.info.25633d08-9464-497f-b838-b84bb35416c9","_id":"org.forgerock.openidm.info.25633d08-9464-497f-b838-b84bb35416c9","jsonconfig":{"file":"info/login.js","type":"text/javascript","apiDescription":{"title":"Information","description":"Service that provides information about an authenticated account.","mvccSupported":false,"read":{"description":"Provides authentication and authorization details, for the authenticated caller (e.g., User)."},"resourceSchema":{"title":"Auth Info","type":"object","required":["authorization","authenticationId"],"properties":{"authorization":{"type":"object","title":"Authorization","description":"Authorization details","required":["component","roles","ipAddress","id","moduleId"],"properties":{"component":{"type":"string","description":"Resource path (e.g., repo/internal/user)"},"roles":{"type":"array","items":{"type":"string"},"description":"Roles"},"ipAddress":{"type":"string","description":"Client IP Address"},"id":{"type":"string","description":"Resource ID (e.g., User ID)"},"moduleId":{"type":"string","description":"Auth Module ID","enum":["JWT_SESSION","OPENAM_SESSION","CLIENT_CERT","DELEGATED","MANAGED_USER","INTERNAL_USER","STATIC_USER","PASSTHROUGH","IWA","SOCIAL_PROVIDERS","OAUTH_CLIENT","TRUSTED_ATTRIBUTE"],"enum_titles":["JSON Web Token Session","OpenAM Session","Client Certificate","Delegated","Managed User","Internal User","Static User","Passthrough","Integrated Windows Authentication","Social Providers","Single OAuth Client","Trusted Attribute"]}}},"authenticationId":{"type":"string","description":"Resource ID (e.g., User ID)"}}}},"_id":"info/login"},"service__factoryPid":"org.forgerock.openidm.info"}
33	1	org.forgerock.openidm.datasource.jdbc.47095bd4-dcb9-457d-95f4-41d75d833140	0	{"config__factory-pid":"default","felix__fileinstall__filename":"file:/opt/openidm/conf/datasource.jdbc-default.json","_rev":"0","service__pid":"org.forgerock.openidm.datasource.jdbc.47095bd4-dcb9-457d-95f4-41d75d833140","_id":"org.forgerock.openidm.datasource.jdbc.47095bd4-dcb9-457d-95f4-41d75d833140","jsonconfig":{"driverClass":"org.postgresql.Driver","jdbcUrl":"jdbc:postgresql://shared-db:5432/openidm","databaseName":"openidm","username":"openidm","password":{"$crypto":{"type":"x-simple-encryption","value":{"cipher":"AES/CBC/PKCS5Padding","salt":"mYvOTSMQrsE+pf59sv3H+A==","data":"eHEvlAd0EdeiB9gC7UbgUw==","iv":"JnQ4I17VP9HTXjMCiBYV9Q==","key":"openidm-sym-default","mac":"QOft2ptPGbaF/eDKi9t5Tw=="}}},"connectionTimeout":30000,"connectionPool":{"type":"hikari","minimumIdle":20,"maximumPoolSize":50},"_id":"datasource.jdbc/default"},"service__factoryPid":"org.forgerock.openidm.datasource.jdbc"}
34	1	org.forgerock.openidm.datasource.jdbc.factory	0	{"factory__pid":"org.forgerock.openidm.datasource.jdbc","factory__pidList":["org.forgerock.openidm.datasource.jdbc.47095bd4-dcb9-457d-95f4-41d75d833140","_openidm_orig_array","_openidm_orig_array_type=java.lang.String"],"_rev":"0","_id":"org.forgerock.openidm.datasource.jdbc.factory","jsonconfig":null}
35	1	org.forgerock.openidm.info.4ba76273-40ff-44bf-8307-8d5e1b29b08c	0	{"config__factory-pid":"version","felix__fileinstall__filename":"file:/opt/openidm/conf/info-version.json","_rev":"0","service__pid":"org.forgerock.openidm.info.4ba76273-40ff-44bf-8307-8d5e1b29b08c","_id":"org.forgerock.openidm.info.4ba76273-40ff-44bf-8307-8d5e1b29b08c","jsonconfig":{"file":"info/version.js","type":"text/javascript","apiDescription":{"title":"Information","description":"Service that provides OpenIDM version information.","mvccSupported":false,"read":{"description":"Provides the software version of this OpenIDM instance."},"resourceSchema":{"title":"Version Info","type":"object","required":["productVersion","productRevision"],"properties":{"productVersion":{"type":"string","description":"OpenIDM version number"},"productRevision":{"type":"string","description":"OpenIDM source-code revision","default":"unknown"}}}},"_id":"info/version"},"service__factoryPid":"org.forgerock.openidm.info"}
36	1	org.forgerock.openidm.jsonstore	1	{"_rev":"1","service__pid":"org.forgerock.openidm.jsonstore","_id":"org.forgerock.openidm.jsonstore","jsonconfig":{"cleanupDwellSeconds":3600,"entryExpireSeconds":1800,"_id":"jsonstore"}}
37	1	org.forgerock.openidm.endpoint.5a6f7be3-e04d-4a18-928f-e0532b2d5d76	0	{"config__factory-pid":"usernotifications","felix__fileinstall__filename":"file:/opt/openidm/conf/endpoint-usernotifications.json","_rev":"0","service__pid":"org.forgerock.openidm.endpoint.5a6f7be3-e04d-4a18-928f-e0532b2d5d76","_id":"org.forgerock.openidm.endpoint.5a6f7be3-e04d-4a18-928f-e0532b2d5d76","jsonconfig":{"type":"text/javascript","file":"ui/notification/userNotifications.js","_id":"endpoint/usernotifications"},"service__factoryPid":"org.forgerock.openidm.endpoint"}
38	1	org.forgerock.openidm.schedule.7eb4c308-dfb8-4814-95a6-a6eeecf006c6	0	{"config__factory-pid":"reconcile-accounts","felix__fileinstall__filename":"file:/opt/openidm/conf/schedule-reconcile-accounts.json","_rev":"0","service__pid":"org.forgerock.openidm.schedule.7eb4c308-dfb8-4814-95a6-a6eeecf006c6","_id":"org.forgerock.openidm.schedule.7eb4c308-dfb8-4814-95a6-a6eeecf006c6","jsonconfig":{"enabled":true,"type":"cron","schedule":"0 0 22 * * ?","timezone":"GMT","persisted":true,"invokeService":"sync","invokeContext":{"action":"reconcile","mapping":"managedUser_systemLdapAccount"},"_id":"schedule/reconcile-accounts"},"service__factoryPid":"org.forgerock.openidm.schedule"}
39	1	org.forgerock.openidm.ui.172f1099-94c9-423e-ae40-03df70a5f672	0	{"config__factory-pid":"profile","felix__fileinstall__filename":"file:/opt/openidm/conf/ui-profile.json","_rev":"0","service__pid":"org.forgerock.openidm.ui.172f1099-94c9-423e-ae40-03df70a5f672","_id":"org.forgerock.openidm.ui.172f1099-94c9-423e-ae40-03df70a5f672","jsonconfig":{"tabs":[{"name":"personalInfoTab","view":"org/forgerock/openidm/ui/user/profile/personalInfo/PersonalInfoTab"},{"name":"signInAndSecurity","view":"org/forgerock/openidm/ui/user/profile/signInAndSecurity/SignInAndSecurityTab"},{"name":"preference","view":"org/forgerock/openidm/ui/user/profile/PreferencesTab"},{"name":"trustedDevice","view":"org/forgerock/openidm/ui/user/profile/TrustedDevicesTab"},{"name":"oauthApplication","view":"org/forgerock/openidm/ui/user/profile/OauthApplicationsTab"},{"name":"privacyAndConsent","view":"org/forgerock/openidm/ui/user/profile/PrivacyAndConsentTab"},{"name":"sharing","view":"org/forgerock/openidm/ui/user/profile/uma/SharingTab"},{"name":"auditHistory","view":"org/forgerock/openidm/ui/user/profile/uma/ActivityTab"},{"name":"accountControls","view":"org/forgerock/openidm/ui/user/profile/accountControls/AccountControlsTab"}],"_id":"ui/profile"},"service__factoryPid":"org.forgerock.openidm.ui"}
40	1	org.forgerock.openidm.endpoint.91afa283-a85f-45f1-b6dc-ce8897be4a5d	0	{"config__factory-pid":"linkedView","felix__fileinstall__filename":"file:/opt/openidm/conf/endpoint-linkedView.json","_rev":"0","service__pid":"org.forgerock.openidm.endpoint.91afa283-a85f-45f1-b6dc-ce8897be4a5d","_id":"org.forgerock.openidm.endpoint.91afa283-a85f-45f1-b6dc-ce8897be4a5d","jsonconfig":{"context":"endpoint/linkedView/*","type":"text/javascript","source":"require('linkedView').fetch(request.resourcePath);","_id":"endpoint/linkedView"},"service__factoryPid":"org.forgerock.openidm.endpoint"}
44	1	org.forgerock.openidm.servletfilter.d180ed1f-7c1a-42ac-8b0d-4b104f72176a	0	{"config__factory-pid":"gzip","felix__fileinstall__filename":"file:/opt/openidm/conf/servletfilter-gzip.json","_rev":"0","service__pid":"org.forgerock.openidm.servletfilter.d180ed1f-7c1a-42ac-8b0d-4b104f72176a","_id":"org.forgerock.openidm.servletfilter.d180ed1f-7c1a-42ac-8b0d-4b104f72176a","jsonconfig":{"classPathURLs":[],"systemProperties":{},"requestAttributes":{},"initParams":{},"scriptExtensions":{},"urlPatterns":["/*"],"filterClass":"org.eclipse.jetty.servlets.GzipFilter","_id":"servletfilter/gzip"},"service__factoryPid":"org.forgerock.openidm.servletfilter"}
45	1	org.forgerock.openidm.selfservice.b61e1b34-5823-4d8d-bdd8-da96ac9458f6	0	{"config__factory-pid":"reset","felix__fileinstall__filename":"file:/opt/openidm/conf/selfservice-reset.json","_rev":"0","service__pid":"org.forgerock.openidm.selfservice.b61e1b34-5823-4d8d-bdd8-da96ac9458f6","_id":"org.forgerock.openidm.selfservice.b61e1b34-5823-4d8d-bdd8-da96ac9458f6","jsonconfig":{"stageConfigs":[{"name":"userQuery","validQueryFields":["userName","mail","givenName","sn"],"identityIdField":"_id","identityEmailField":"mail","identityUsernameField":"userName","identityServiceUrl":"managed/user"},{"name":"emailValidation","identityEmailField":"mail","emailServiceUrl":"external/email","from":"do_not_reply@hmcts.net","subject":"Reset password email","mimeType":"text/html","subjectTranslations":{"en":"Complete your password reset request"},"messageTranslations":{"en":"<h1>Reset your password</h1>\\n                                Hello,<br/><br/>\\n                                \\n                Please click <a href=\\"%link%\\" target=\\"_self\\">here</a> to reset your password.<br/><br/>\\n                                \\n                                The HMCTS IdAM team.\\n                                "},"verificationLinkToken":"%link%","verificationLink":"http://localhost:9002/passwordReset?action=start"},{"name":"resetStage","identityServiceUrl":"managed/user","identityPasswordField":"password"}],"snapshotToken":{"type":"jwt","jweAlgorithm":"RSAES_PKCS1_V1_5","encryptionMethod":"A128CBC_HS256","jwsAlgorithm":"HS256","tokenExpiry":"172800"},"storage":"stateless","_id":"selfservice/reset"},"service__factoryPid":"org.forgerock.openidm.selfservice"}
46	1	org.forgerock.openidm.endpoint.d19fb0e2-0e8f-469d-97f8-715e21fae1c8	0	{"config__factory-pid":"mappingDetails","felix__fileinstall__filename":"file:/opt/openidm/conf/endpoint-mappingDetails.json","_rev":"0","service__pid":"org.forgerock.openidm.endpoint.d19fb0e2-0e8f-469d-97f8-715e21fae1c8","_id":"org.forgerock.openidm.endpoint.d19fb0e2-0e8f-469d-97f8-715e21fae1c8","jsonconfig":{"type":"text/javascript","context":"endpoint/mappingDetails","file":"ui/mappingDetails.js","_id":"endpoint/mappingDetails"},"service__factoryPid":"org.forgerock.openidm.endpoint"}
47	1	org.forgerock.openidm.info.c792bc28-88d7-4dfb-8cfa-b7a5139e1f05	0	{"config__factory-pid":"ping","felix__fileinstall__filename":"file:/opt/openidm/conf/info-ping.json","_rev":"0","service__pid":"org.forgerock.openidm.info.c792bc28-88d7-4dfb-8cfa-b7a5139e1f05","_id":"org.forgerock.openidm.info.c792bc28-88d7-4dfb-8cfa-b7a5139e1f05","jsonconfig":{"source":"require('info/ping').checkState(request, healthinfo)","type":"text/javascript","apiDescription":{"title":"Information","description":"Service that allows you to ping the server.","mvccSupported":false,"read":{"description":"Returns OpenIDM status information, and is an endpoint suitable for pinging the server."},"resourceSchema":{"title":"Status Info","type":"object","required":["shortDesc","state"],"properties":{"shortDesc":{"type":"string","description":"Short description of OpenIDM's state"},"state":{"type":"string","description":"OpenIDM's current state","enum":["STARTING","ACTIVE_READY","ACTIVE_NOT_READY","STOPPING"],"enum_titles":["Starting","Ready","Not Ready","Stopping"]}}}},"_id":"info/ping"},"service__factoryPid":"org.forgerock.openidm.info"}
31	1	org.forgerock.openidm.info.factory	3	{"factory__pid":"org.forgerock.openidm.info","factory__pidList":["org.forgerock.openidm.info.25633d08-9464-497f-b838-b84bb35416c9","org.forgerock.openidm.info.4ba76273-40ff-44bf-8307-8d5e1b29b08c","org.forgerock.openidm.info.bf2b6da5-3dae-4d16-8bad-95f49d9b9890","org.forgerock.openidm.info.c792bc28-88d7-4dfb-8cfa-b7a5139e1f05","_openidm_orig_array","_openidm_orig_array_type=java.lang.String"],"_rev":"3","_id":"org.forgerock.openidm.info.factory","jsonconfig":null}
48	1	org.forgerock.openidm.external.email	1	{"_rev":"1","service__pid":"org.forgerock.openidm.external.email","_id":"org.forgerock.openidm.external.email","jsonconfig":{"host":"smtp-server","port":"1025","auth":{"enable":false,"username":"amido.idam@gmail.com","password":{"$crypto":{"type":"x-simple-encryption","value":{"cipher":"AES/CBC/PKCS5Padding","salt":"p5SZxlKdmh11FO8qXO665Q==","data":"1ncP3eAlBXE75BsASgOFeg==","iv":"2bXiBkg9cDNii42TgyqkAw==","key":"openidm-sym-default","mac":"0hRJ0OfFp6KEX6mL/j9Y9A=="}}}},"starttls":{"enable":true},"from":"idamadmin@reform.hmcts.net","_id":"external.email"}}
49	1	org.forgerock.openidm.identityProviders	1	{"_rev":"1","service__pid":"org.forgerock.openidm.identityProviders","_id":"org.forgerock.openidm.identityProviders","jsonconfig":{"providers":[{"provider":"google","authorizationEndpoint":"https://accounts.google.com/o/oauth2/v2/auth","tokenEndpoint":"https://www.googleapis.com/oauth2/v4/token","userInfoEndpoint":"https://www.googleapis.com/oauth2/v3/userinfo","wellKnownEndpoint":"https://accounts.google.com/.well-known/openid-configuration","clientId":"","clientSecret":"","uiConfig":{"iconBackground":"#4184f3","iconClass":"fa-google","iconFontColor":"white","buttonImage":"images/g-logo.png","buttonClass":"","buttonCustomStyle":"background-color: #fff; color: #757575; border-color: #ddd;","buttonCustomStyleHover":"color: #6d6d6d; background-color: #eee; border-color: #ccc;","buttonDisplayName":"Google"},"scope":["openid","profile","email"],"authenticationIdKey":"sub","schema":{"id":"urn:jsonschema:org:forgerock:openidm:identityProviders:api:Google","title":"Google","viewable":true,"type":"object","$schema":"http://json-schema.org/draft-03/schema","properties":{"sub":{"description":"ID","title":"ID","viewable":true,"type":"string","searchable":true},"name":{"description":"Name","title":"Name","viewable":true,"type":"string","searchable":true},"given_name":{"description":"First Name","title":"First Name","viewable":true,"type":"string","searchable":true},"family_name":{"description":"Last Name","title":"Last Name","viewable":true,"type":"string","searchable":true},"picture":{"description":"Profile Picture URL","title":"Profile Picture URL","viewable":true,"type":"string","searchable":true},"email":{"description":"Email Address","title":"Email Address","viewable":true,"type":"string","searchable":true},"locale":{"description":"Locale Code","title":"Locale Code","viewable":true,"type":"string","searchable":true}},"order":["sub","name","given_name","family_name","picture","email","locale"],"required":[]},"propertyMap":[{"source":"sub","target":"id"},{"source":"name","target":"displayName"},{"source":"given_name","target":"givenName"},{"source":"family_name","target":"familyName"},{"source":"picture","target":"photoUrl"},{"source":"email","target":"email"},{"source":"email","target":"username"},{"source":"locale","target":"locale"}],"redirectUri":"https://localhost:8443/oauthReturn/","configClass":"org.forgerock.oauth.clients.oidc.OpenIDConnectClientConfiguration","basicAuth":false},{"provider":"facebook","authorizationEndpoint":"https://www.facebook.com/dialog/oauth","tokenEndpoint":"https://graph.facebook.com/v2.7/oauth/access_token","userInfoEndpoint":"https://graph.facebook.com/me?fields=id,name,picture,email,first_name,last_name,locale","clientId":"","clientSecret":"","scope":["email","user_birthday"],"uiConfig":{"iconBackground":"#3b5998","iconClass":"fa-facebook","iconFontColor":"white","buttonImage":"","buttonClass":"fa-facebook-official","buttonDisplayName":"Facebook","buttonCustomStyle":"background-color: #3b5998;border-color: #3b5998; color: white;","buttonCustomStyleHover":"background-color: #334b7d;border-color: #334b7d; color: white;"},"basicAuth":false,"authenticationIdKey":"id","schema":{"id":"urn:jsonschema:org:forgerock:openidm:identityProviders:api:Facebook","title":"Facebook","viewable":true,"type":"object","$schema":"http://json-schema.org/draft-03/schema","properties":{"id":{"description":"ID","title":"ID","viewable":true,"type":"string","searchable":true},"name":{"description":"Name","title":"Name","viewable":true,"type":"string","searchable":true},"first_name":{"description":"First Name","title":"First Name","viewable":true,"type":"string","searchable":true},"last_name":{"description":"Last Name","title":"Last Name","viewable":true,"type":"string","searchable":true},"email":{"description":"Email Address","title":"Email Address","viewable":true,"type":"string","searchable":true},"locale":{"description":"Locale Code","title":"Locale Code","viewable":true,"type":"string","searchable":true}},"order":["id","name","first_name","last_name","email","locale"],"required":[]},"propertyMap":[{"source":"id","target":"id"},{"source":"name","target":"displayName"},{"source":"first_name","target":"givenName"},{"source":"last_name","target":"familyName"},{"source":"email","target":"email"},{"source":"email","target":"username"},{"source":"locale","target":"locale"}],"redirectUri":"https://localhost:8443/oauthReturn/","configClass":"org.forgerock.oauth.clients.oauth2.OAuth2ClientConfiguration"},{"provider":"linkedIn","authorizationEndpoint":"https://www.linkedin.com/oauth/v2/authorization","tokenEndpoint":"https://www.linkedin.com/oauth/v2/accessToken","userInfoEndpoint":"https://api.linkedin.com/v1/people/~:(id,formatted-name,first-name,last-name,email-address,location)?format=json","clientId":"","clientSecret":"","scope":["r_basicprofile","r_emailaddress"],"authenticationIdKey":"id","basicAuth":false,"uiConfig":{"iconBackground":"#0077b5","iconClass":"fa-linkedin","iconFontColor":"white","buttonImage":"","buttonClass":"fa-linkedin","buttonDisplayName":"LinkedIn","buttonCustomStyle":"background-color:#0077b5;border-color:#0077b5;color:white;","buttonCustomStyleHover":"background-color:#006ea9; border-color:#006ea9;color:white;"},"schema":{"id":"urn:jsonschema:org:forgerock:openidm:identityProviders:api:LinkedIn","title":"LinkedIn","viewable":true,"type":"object","$schema":"http://json-schema.org/draft-03/schema","properties":{"id":{"description":"ID","title":"ID","viewable":true,"type":"string","searchable":false},"formattedName":{"description":"Formatted Name","title":"Formatted Name","viewable":true,"type":"string","searchable":true},"firstName":{"description":"First Name","title":"First Name","viewable":true,"type":"string","searchable":true},"lastName":{"description":"Last Name","title":"Last Name","viewable":true,"type":"string","searchable":true},"emailAddress":{"description":"Email Address","title":"Email Address","viewable":true,"type":"string","searchable":true},"location":{"description":"Location","title":"Location","viewable":true,"type":"object","searchable":true,"properties":{"country":{"description":"Country","title":"Country","type":"object","properties":{"code":{"description":"Locale Code","title":"Locale Code","type":"string"}}},"name":{"description":"Area Name","type":"string","title":"Area Name"}}}},"order":["id","formattedName","emailAddress","firstName","lastName","location"],"required":[]},"propertyMap":[{"source":"id","target":"id"},{"source":"formattedName","target":"displayName"},{"source":"firstName","target":"givenName"},{"source":"lastName","target":"familyName"},{"source":"emailAddress","target":"email"},{"source":"emailAddress","target":"username"},{"source":"location","target":"locale","transform":{"type":"text/javascript","source":"source.country.code"}}],"redirectUri":"https://localhost:8443/oauthReturn/","configClass":"org.forgerock.oauth.clients.oauth2.OAuth2ClientConfiguration"},{"provider":"amazon","authorizationEndpoint":"https://www.amazon.com/ap/oa","tokenEndpoint":"https://api.amazon.com/auth/o2/token","userInfoEndpoint":"https://api.amazon.com/user/profile","enabled":false,"clientId":"","clientSecret":"","scope":["profile"],"authenticationIdKey":"user_id","basicAuth":false,"uiConfig":{"iconBackground":"#f0c14b","iconClass":"fa-amazon","iconFontColor":"black","buttonImage":"","buttonClass":"fa-amazon","buttonDisplayName":"Amazon","buttonCustomStyle":"background: linear-gradient(to bottom, #f7e09f 15%,#f5c646 85%);color: black;border-color: #b48c24;","buttonCustomStyleHover":"background: linear-gradient(to bottom, #f6c94e 15%,#f6c94e 85%);color: black;border-color: #b48c24;"},"schema":{"id":"urn:jsonschema:org:forgerock:openidm:identityProviders:api:Amazon","title":"Amazon","viewable":true,"type":"object","$schema":"http://json-schema.org/draft-03/schema","properties":{"user_id":{"description":"ID","title":"ID","viewable":true,"type":"string","searchable":true},"name":{"description":"Name","title":"Name","viewable":true,"type":"string","searchable":true},"email":{"description":"Email Address","title":"Email Address","viewable":true,"type":"string","searchable":true}},"order":["user_id","name","email"],"required":[]},"propertyMap":[{"source":"user_id","target":"id"},{"source":"name","target":"displayName"},{"source":"email","target":"email"},{"source":"email","target":"username"}],"redirectUri":"https://localhost:8443/oauthReturn/","configClass":"org.forgerock.oauth.clients.oauth2.OAuth2ClientConfiguration"},{"provider":"wordpress","authorizationEndpoint":"https://public-api.wordpress.com/oauth2/authorize","tokenEndpoint":"https://public-api.wordpress.com/oauth2/token","userInfoEndpoint":"https://public-api.wordpress.com/rest/v1.1/me/","enabled":false,"clientId":"","clientSecret":"","scope":["auth"],"authenticationIdKey":"username","basicAuth":false,"uiConfig":{"iconBackground":"#0095cc","iconClass":"fa-wordpress","iconFontColor":"white","buttonImage":"","buttonClass":"fa-wordpress","buttonDisplayName":"WordPress","buttonCustomStyle":"background-color: #0095cc; border-color: #0095cc; color:white;","buttonCustomStyleHover":"background-color: #0095cc; border-color: #0095cc; color:white;"},"schema":{"id":"urn:jsonschema:org:forgerock:openidm:identityProviders:api:Wordpress","username":"http://jsonschema.net","title":"Wordpress","viewable":true,"type":"object","$schema":"http://json-schema.org/draft-03/schema","properties":{"username":{"description":"username","title":"username","viewable":true,"type":"string","searchable":true},"email":{"description":"email","title":"email","viewable":true,"type":"string","searchable":true}},"order":["username","email"],"required":[]},"propertyMap":[{"source":"username","target":"username"},{"source":"username","target":"id"},{"source":"email","target":"email"}],"redirectUri":"https://localhost:8443/oauthReturn/","configClass":"org.forgerock.oauth.clients.oauth2.OAuth2ClientConfiguration"},{"provider":"microsoft","authorizationEndpoint":"https://login.microsoftonline.com/common/oauth2/v2.0/authorize","tokenEndpoint":"https://login.microsoftonline.com/common/oauth2/v2.0/token","userInfoEndpoint":"https://graph.microsoft.com/v1.0/me","clientId":"","clientSecret":"","scope":["User.Read"],"authenticationIdKey":"id","basicAuth":false,"uiConfig":{"iconBackground":"#0078d7","iconClass":"fa-windows","iconFontColor":"white","buttonImage":"images/microsoft-logo.png","buttonClass":"","buttonDisplayName":"Microsoft","buttonCustomStyle":"background-color: #fff; border-color: #8b8b8b; color: #8b8b8b;","buttonCustomStyleHover":"background-color: #fff; border-color: #8b8b8b; color: #8b8b8b;"},"schema":{"id":"urn:jsonschema:org:forgerock:openidm:identityProviders:api:Microsoft","title":"Microsoft","viewable":true,"type":"object","$schema":"http://json-schema.org/draft-03/schema","properties":{"id":{"description":"ID","title":"ID","viewable":true,"type":"string","searchable":false},"displayName":{"description":"Name","title":"Name","viewable":true,"type":"string","searchable":true},"givenName":{"description":"First Name","title":"First Name","viewable":true,"type":"string","searchable":true},"surname":{"description":"Last Name","title":"Last Name","viewable":true,"type":"string","searchable":true},"userPrincipalName":{"description":"Email Address","title":"Email Address","viewable":true,"type":"string","searchable":true}},"order":["id","displayName","userPrincipalName","givenName","surname"],"required":[]},"propertyMap":[{"source":"id","target":"id"},{"source":"displayName","target":"displayName"},{"source":"givenName","target":"givenName"},{"source":"surname","target":"familyName"},{"source":"userPrincipalName","target":"email"},{"source":"userPrincipalName","target":"username"}],"redirectUri":"https://localhost:8443/oauthReturn/","configClass":"org.forgerock.oauth.clients.oauth2.OAuth2ClientConfiguration"},{"provider":"vkontakte","configClass":"org.forgerock.oauth.clients.vk.VKClientConfiguration","basicAuth":false,"clientId":"","clientSecret":"","authorizationEndpoint":"https://oauth.vk.com/authorize","tokenEndpoint":"https://oauth.vk.com/access_token","userInfoEndpoint":"https://api.vk.com/method/users.get","redirectUri":"https://localhost:8443/oauthReturn/","scope":["email"],"uiConfig":{"iconBackground":"#4c75a3","iconClass":"fa-vk","iconFontColor":"white","buttonImage":"","buttonClass":"fa-vk","buttonDisplayName":"VK","buttonCustomStyle":"background-color: #4c75a3; border-color: #4c75a3;color: white;","buttonCustomStyleHover":"background-color: #43658c; border-color: #43658c;color: white;"},"authenticationIdKey":"uid","propertyMap":[{"source":"uid","target":"id"},{"source":"first_name","target":"displayName"},{"source":"first_name","target":"givenName"},{"source":"last_name","target":"familyName"},{"source":"email","target":"email"},{"source":"email","target":"username"}],"schema":{"id":"urn:jsonschema:org:forgerock:openidm:identityProviders:api:Vkontakte","viewable":true,"type":"object","$schema":"http://json-schema.org/draft-03/schema","properties":{"uid":{"description":"ID","title":"ID","viewable":true,"type":"string","searchable":true},"name":{"description":"Name","title":"Name","viewable":true,"type":"string","searchable":true},"first_name":{"description":"First Name","title":"First Name","viewable":true,"type":"string","searchable":true},"last_name":{"description":"Last Name","title":"Last Name","viewable":true,"type":"string","searchable":true},"email":{"description":"Email Address","title":"Email Address","viewable":true,"type":"string","searchable":true}},"order":["uid","name","last_name","first_name","email"],"required":[]}},{"provider":"instagram","configClass":"org.forgerock.oauth.clients.instagram.InstagramClientConfiguration","basicAuth":false,"clientId":"","clientSecret":"","authorizationEndpoint":"https://api.instagram.com/oauth/authorize/","tokenEndpoint":"https://api.instagram.com/oauth/access_token","userInfoEndpoint":"https://api.instagram.com/v1/users/self/","redirectUri":"https://localhost:8443/oauthReturn/","scope":["basic","public_content"],"uiConfig":{"iconBackground":"#3f729b","iconClass":"fa-instagram","iconFontColor":"white","buttonImage":"","buttonClass":"fa-instagram","buttonDisplayName":"Instagram","buttonCustomStyle":"background-color: #3f729b; border-color: #3f729b;color: white;","buttonCustomStyleHover":"background-color: #305777; border-color: #305777;color: white;"},"connectionTimeout":0,"readTimeout":0,"authenticationIdKey":"id","propertyMap":[{"source":"id","target":"id"},{"full_name":"full_name","target":"displayName"},{"source":"profile_picture","target":"photoUrl"},{"source":"username","target":"username"}],"schema":{"id":"urn:jsonschema:org:forgerock:openidm:identityProviders:api:Instagram","viewable":true,"type":"object","$schema":"http://json-schema.org/draft-03/schema","properties":{"id":{"description":"ID","title":"ID","viewable":true,"type":"string","searchable":true},"full_name":{"description":"Full Name","title":"Full Name","viewable":true,"type":"string","searchable":true},"profile_picture":{"description":"Profile Picture URL","title":"Profile Picture URL","viewable":true,"type":"string","searchable":true},"username":{"description":"Username","title":"Username","viewable":true,"type":"string","searchable":true}},"order":["id","full_name","profile_picture","photoUrl","username"],"required":[]}},{"provider":"wechat","configClass":"org.forgerock.oauth.clients.wechat.WeChatClientConfiguration","basicAuth":false,"clientId":"","clientSecret":"","authorizationEndpoint":"https://open.weixin.qq.com/connect/qrconnect","tokenEndpoint":"https://api.wechat.com/sns/oauth2/access_token","refreshTokenEndpoint":"https://api.wechat.com/sns/oauth2/refresh_token","userInfoEndpoint":"https://api.wechat.com/sns/userinfo","redirectUri":"https://localhost:8443/oauthReturn/","scope":["snsapi_login"],"uiConfig":{"iconBackground":"#09b507","iconClass":"fa-wechat","iconFontColor":"white","buttonImage":"","buttonClass":"fa-wechat","buttonDisplayName":"WeChat","buttonCustomStyle":"background-color: #09b507; border-color: #09b507;color: white;","buttonCustomStyleHover":"background-color: #09a007; border-color: #09a007;color: white;"},"connectionTimeout":0,"readTimeout":0,"authenticationIdKey":"openid","propertyMap":[{"source":"openid","target":"id"},{"source":"nickname","target":"displayName"},{"source":"nickname","target":"username"},{"source":"headimgurl","target":"photoUrl"}],"schema":{"id":"urn:jsonschema:org:forgerock:openidm:identityProviders:api:Wechat","viewable":true,"type":"object","$schema":"http://json-schema.org/draft-03/schema","properties":{"openid":{"description":"ID","title":"ID","viewable":true,"type":"string","searchable":true},"nickname":{"description":"Username","title":"Username","viewable":true,"type":"string","searchable":true},"headimgurl":{"description":"Profile Picture URL","title":"Profile Picture URL","viewable":true,"type":"string","searchable":true}},"order":["openid","nickname","headimgurl"],"required":[]}},{"provider":"yahoo","scope":["openid","sdpp-w"],"uiConfig":{"iconBackground":"#7B0099","iconClass":"fa-yahoo","iconFontColor":"white","buttonImage":"","buttonClass":"fa-yahoo","buttonDisplayName":"Yahoo","buttonCustomStyle":"background-color: #7B0099; border-color: #7B0099; color:white;","buttonCustomStyleHover":"background-color: #7B0099; border-color: #7B0099; color:white;"},"propertyMap":[{"source":"sub","target":"id"},{"source":"name","target":"displayName"},{"source":"given_name","target":"givenName"},{"source":"family_name","target":"familyName"},{"source":"email","target":"email"},{"source":"email","target":"username"},{"source":"locale","target":"locale"}],"schema":{"id":"urn:jsonschema:org:forgerock:openidm:identityProviders:api:Yahoo","viewable":true,"type":"object","$schema":"http://json-schema.org/draft-03/schema","properties":{"sub":{"description":"ID","title":"ID","viewable":true,"type":"string","searchable":true},"name":{"description":"Name","title":"Name","viewable":true,"type":"string","searchable":true},"given_name":{"description":"First Name","title":"First Name","viewable":true,"type":"string","searchable":true},"family_name":{"description":"Last Name","title":"Last Name","viewable":true,"type":"string","searchable":true},"email":{"description":"Email Address","title":"Email Address","viewable":true,"type":"string","searchable":true},"locale":{"description":"Locale Code","title":"Locale Code","viewable":true,"type":"string","searchable":true}},"order":["sub","name","given_name","family_name","email","locale"],"required":[]},"authorizationEndpoint":"https://api.login.yahoo.com/oauth2/request_auth","tokenEndpoint":"https://api.login.yahoo.com/oauth2/get_token","wellKnownEndpoint":"https://login.yahoo.com/.well-known/openid-configuration","clientId":"","clientSecret":"","authenticationIdKey":"sub","redirectUri":"https://localhost:8443/oauthReturn/","basicAuth":false,"configClass":"org.forgerock.oauth.clients.oidc.OpenIDConnectClientConfiguration"},{"provider":"salesforce","authorizationEndpoint":"https://login.salesforce.com/services/oauth2/authorize","tokenEndpoint":"https://login.salesforce.com/services/oauth2/token","userInfoEndpoint":"https://login.salesforce.com/services/oauth2/userinfo","clientId":"","clientSecret":"","scope":["id","api","web"],"uiConfig":{"iconBackground":"#21a0df","iconClass":"fa-cloud","iconFontColor":"white","buttonImage":"","buttonClass":"fa-cloud","buttonDisplayName":"Salesforce","buttonCustomStyle":"background-color: #21a0df; border-color: #21a0df; color: white;","buttonCustomStyleHover":"background-color: #21a0df; border-color: #21a0df; color: white;"},"authenticationIdKey":"user_id","redirectUri":"https://localhost:8443/oauthReturn/","configClass":"org.forgerock.oauth.clients.oauth2.OAuth2ClientConfiguration","basicAuth":false,"schema":{"id":"urn:jsonschema:org:forgerock:openidm:identityProviders:api:Salesforce","title":"Salesforce","viewable":true,"type":"object","$schema":"http://json-schema.org/draft-03/schema","properties":{"user_id":{"description":"ID","title":"ID","viewable":true,"type":"string","searchable":true},"name":{"description":"Name","title":"Name","viewable":true,"type":"string","searchable":true},"given_name":{"description":"First Name","title":"First Name","viewable":true,"type":"string","searchable":true},"family_name":{"description":"Last Name","title":"Last Name","viewable":true,"type":"string","searchable":true},"email":{"description":"Email Address","title":"Email Address","viewable":true,"type":"string","searchable":true},"zoneInfo":{"description":"Locale Code","title":"Locale Code","viewable":true,"type":"string","searchable":true}},"order":["user_id","name","given_name","family_name","email","zoneInfo"],"required":[]},"propertyMap":[{"source":"user_id","target":"id"},{"source":"name","target":"displayName"},{"source":"given_name","target":"givenName"},{"source":"family_name","target":"familyName"},{"source":"email","target":"email"},{"source":"email","target":"username"},{"source":"zoneInfo","target":"locale"}]},{"provider":"twitter","requestTokenEndpoint":"https://api.twitter.com/oauth/request_token","authorizationEndpoint":"https://api.twitter.com/oauth/authenticate","tokenEndpoint":"https://api.twitter.com/oauth/access_token","userInfoEndpoint":"https://api.twitter.com/1.1/account/verify_credentials.json","clientId":"","clientSecret":"","uiConfig":{"iconBackground":"#00b6e9","iconClass":"fa-twitter","iconFontColor":"white","buttonImage":"","buttonClass":"fa-twitter","buttonDisplayName":"Twitter","buttonCustomStyle":"background-color: #00b6e9; border-color: #00b6e9; color: #fff;","buttonCustomStyleHover":"background-color: #01abda; border-color: #01abda; color: #fff;"},"authenticationIdKey":"id_str","redirectUri":"https://localhost:8443/oauthReturn/","configClass":"org.forgerock.oauth.clients.twitter.TwitterClientConfiguration","schema":{"id":"urn:jsonschema:org:forgerock:openidm:identityProviders:api:Twitter","title":"Twitter","viewable":true,"type":"object","$schema":"http://json-schema.org/draft-03/schema","properties":{"id_str":{"description":"ID","title":"Id","viewable":true,"type":"string","searchable":true},"name":{"description":"Full Name","title":"Full Name","viewable":true,"type":"string","searchable":true},"screen_name":{"description":"User Id","title":"User Id","viewable":true,"type":"string","searchable":true},"email":{"description":"Email Address","title":"Email Address","viewable":true,"type":"string","searchable":true}},"order":["id_str","name","screen_name","email"],"required":[]},"propertyMap":[{"source":"id_str","target":"id"},{"source":"name","target":"displayName"},{"source":"email","target":"email"},{"source":"screen_name","target":"username"}]}],"_id":"identityProviders"}}
50	1	org.forgerock.openidm.router	1	{"_rev":"1","service__pid":"org.forgerock.openidm.router","_id":"org.forgerock.openidm.router","jsonconfig":{"filters":[{"condition":{"type":"text/javascript","source":"context.caller.external === true || context.current.name === 'selfservice'"},"onRequest":{"type":"text/javascript","file":"router-authz.js"}},{"pattern":"^(managed|system|repo/internal)($|(/.+))","onRequest":{"type":"text/javascript","file":"policyFilter.js"},"methods":["create","update"]},{"pattern":"repo/internal/user.*","onRequest":{"type":"text/javascript","source":"request.content.password = require('crypto').hash(request.content.password);"},"methods":["create","update"]}],"_id":"router"}}
51	1	org.forgerock.openidm.workflow	1	{"_rev":"1","service__pid":"org.forgerock.openidm.workflow","_id":"org.forgerock.openidm.workflow","jsonconfig":{"useDataSource":"default","workflowDirectory":"&{launcher.project.location}/workflow","_id":"workflow"}}
52	1	org.forgerock.openidm.ui.context.caa966f5-5cd8-4582-bf77-3a4e3a1c5f8e	0	{"config__factory-pid":"oauth","felix__fileinstall__filename":"file:/opt/openidm/conf/ui.context-oauth.json","_rev":"0","service__pid":"org.forgerock.openidm.ui.context.caa966f5-5cd8-4582-bf77-3a4e3a1c5f8e","_id":"org.forgerock.openidm.ui.context.caa966f5-5cd8-4582-bf77-3a4e3a1c5f8e","jsonconfig":{"enabled":true,"urlContextRoot":"/oauthReturn","defaultDir":"&{launcher.install.location}/ui/oauth/default","extensionDir":"&{launcher.install.location}/ui/oauth/extension","_id":"ui.context/oauth"},"service__factoryPid":"org.forgerock.openidm.ui.context"}
53	1	org.forgerock.openidm.emailTemplate.7e21bcdc-e079-4d20-b004-27de218c8e19	0	{"config__factory-pid":"resetPassword","felix__fileinstall__filename":"file:/opt/openidm/conf/emailTemplate-resetPassword.json","_rev":"0","service__pid":"org.forgerock.openidm.emailTemplate.7e21bcdc-e079-4d20-b004-27de218c8e19","_id":"org.forgerock.openidm.emailTemplate.7e21bcdc-e079-4d20-b004-27de218c8e19","jsonconfig":{"enabled":true,"from":"","subject":{"en":"Your password has been reset"},"message":{"en":"<html><body><p>Your new password is: {{password}}</p></body></html>"},"defaultLocale":"en","passwordRules":[{"rule":"UPPERCASE","minimum":1},{"rule":"LOWERCASE","minimum":1},{"rule":"INTEGERS","minimum":1},{"rule":"SPECIAL","minimum":1}],"passwordLength":16,"_id":"emailTemplate/resetPassword"},"service__factoryPid":"org.forgerock.openidm.emailTemplate"}
54	1	org.forgerock.openidm.script	1	{"_rev":"1","service__pid":"org.forgerock.openidm.script","_id":"org.forgerock.openidm.script","jsonconfig":{"properties":{},"ECMAScript":{"#javascript.debug":"transport=socket,suspend=y,address=9888,trace=true","javascript.recompile.minimumInterval":"60000"},"Groovy":{"#groovy.warnings":"likely errors #othere values [none,likely,possible,paranoia]","#groovy.source.encoding":"utf-8 #default US-ASCII","groovy.source.encoding":"UTF-8","groovy.target.directory":"&{launcher.install.location}/classes","#groovy.target.bytecode":"1.5","groovy.classpath":"&{launcher.install.location}/lib/jose4j-0.5.5.jar:&{launcher.install.location}/lib/notifications-java-client-3.8.0-RELEASE.jar:&{launcher.install.location}/lib/*","#groovy.output.verbose":"false","#groovy.output.debug":"false","#groovy.errors.tolerance":"10","#groovy.script.extension":".groovy","#groovy.script.base":"#any class extends groovy.lang.Script","groovy.recompile":"true","groovy.recompile.minimumInterval":"60000","#groovy.target.indy":"true","#groovy.disabled.global.ast.transformations":""},"sources":{"default":{"directory":"&{launcher.install.location}/bin/defaults/script"},"install":{"directory":"&{launcher.install.location}"},"project":{"directory":"&{launcher.project.location}"},"project-script":{"directory":"&{launcher.project.location}/script"}},"_id":"script"}}
55	1	org.forgerock.openidm.audit	1	{"_rev":"1","service__pid":"org.forgerock.openidm.audit","_id":"org.forgerock.openidm.audit","jsonconfig":{"auditServiceConfig":{"handlerForQueries":"json","availableAuditEventHandlers":["org.forgerock.audit.handlers.csv.CsvAuditEventHandler","org.forgerock.audit.handlers.elasticsearch.ElasticsearchAuditEventHandler","org.forgerock.audit.handlers.jms.JmsAuditEventHandler","org.forgerock.audit.handlers.json.JsonAuditEventHandler","org.forgerock.openidm.audit.impl.RepositoryAuditEventHandler","org.forgerock.openidm.audit.impl.RouterAuditEventHandler","org.forgerock.audit.handlers.splunk.SplunkAuditEventHandler","org.forgerock.audit.handlers.syslog.SyslogAuditEventHandler"],"filterPolicies":{"value":{"excludeIf":["/access/http/request/headers/Authorization","/access/http/request/headers/X-OpenIDM-Password","/access/http/request/cookies/session-jwt","/access/http/response/headers/Authorization","/access/http/response/headers/X-OpenIDM-Password"],"includeIf":[]}}},"eventHandlers":[{"class":"org.forgerock.audit.handlers.json.JsonAuditEventHandler","config":{"name":"json","logDirectory":"&{launcher.working.location}/audit","buffering":{"maxSize":100000,"writeInterval":"100 millis"},"topics":["access","activity","recon","sync","authentication","config"]}},{"class":"org.forgerock.openidm.audit.impl.RepositoryAuditEventHandler","config":{"name":"repo","enabled":false,"topics":["access","activity","recon","sync","authentication","config"]}}],"eventTopics":{"config":{"filter":{"actions":["create","update","delete","patch","action"]}},"activity":{"filter":{"actions":["create","update","delete","patch","action"]},"watchedFields":[],"passwordFields":["password"]}},"exceptionFormatter":{"type":"text/javascript","file":"bin/defaults/script/audit/stacktraceFormatter.js"},"_id":"audit"}}
56	1	org.forgerock.openidm.endpoint.9a44a90e-e91f-4d4e-962c-81c6669fee8d	0	{"config__factory-pid":"notify","felix__fileinstall__filename":"file:/opt/openidm/conf/endpoint-notify.json","_rev":"0","service__pid":"org.forgerock.openidm.endpoint.9a44a90e-e91f-4d4e-962c-81c6669fee8d","_id":"org.forgerock.openidm.endpoint.9a44a90e-e91f-4d4e-962c-81c6669fee8d","jsonconfig":{"type":"groovy","file":"notify.groovy","context":"endpoint/notify/*","_id":"endpoint/notify"},"service__factoryPid":"org.forgerock.openidm.endpoint"}
7	1	org.forgerock.openidm.endpoint.factory	8	{"factory__pid":"org.forgerock.openidm.endpoint","factory__pidList":["org.forgerock.openidm.endpoint.91afa283-a85f-45f1-b6dc-ce8897be4a5d","org.forgerock.openidm.endpoint.52e65bdd-5982-477d-9a8c-af6077b004d2","org.forgerock.openidm.endpoint.d19fb0e2-0e8f-469d-97f8-715e21fae1c8","org.forgerock.openidm.endpoint.a8b5220d-3b35-4f9c-a7df-115bac574a4a","org.forgerock.openidm.endpoint.601e78e1-11b1-46a5-b356-900c4d47940f","org.forgerock.openidm.endpoint.5a6f7be3-e04d-4a18-928f-e0532b2d5d76","org.forgerock.openidm.endpoint.9a44a90e-e91f-4d4e-962c-81c6669fee8d","org.forgerock.openidm.endpoint.a8bb1458-4286-4f0b-8101-600f2006b3ba","org.forgerock.openidm.endpoint.2bc5fef9-5b31-4d03-998f-f0eeafae3871","_openidm_orig_array","_openidm_orig_array_type=java.lang.String"],"_rev":"8","_id":"org.forgerock.openidm.endpoint.factory","jsonconfig":null}
57	1	org.forgerock.openidm.policy	1	{"_rev":"1","service__pid":"org.forgerock.openidm.policy","_id":"org.forgerock.openidm.policy","jsonconfig":{"type":"text/javascript","file":"policy.js","additionalFiles":[],"resources":[{"resource":"selfservice/registration","calculatedProperties":{"type":"text/javascript","source":"require('selfServicePolicies').getRegistrationProperties()"}},{"resource":"selfservice/reset","calculatedProperties":{"type":"text/javascript","source":"require('selfServicePolicies').getResetProperties()"}},{"resource":"repo/internal/user/*","properties":[{"name":"_id","policies":[{"policyId":"cannot-contain-characters","params":{"forbiddenChars":["/"]}}]},{"name":"password","policies":[{"policyId":"required"},{"policyId":"not-empty"},{"policyId":"at-least-X-capitals","params":{"numCaps":1}},{"policyId":"at-least-X-numbers","params":{"numNums":1}},{"policyId":"minimum-length","params":{"minLength":8}}]}]}],"_id":"policy"}}
58	1	org.forgerock.openidm.ui.context.c2a77b43-8206-4005-a134-c526a2e95069	0	{"config__factory-pid":"admin","felix__fileinstall__filename":"file:/opt/openidm/conf/ui.context-admin.json","_rev":"0","service__pid":"org.forgerock.openidm.ui.context.c2a77b43-8206-4005-a134-c526a2e95069","_id":"org.forgerock.openidm.ui.context.c2a77b43-8206-4005-a134-c526a2e95069","jsonconfig":{"enabled":true,"urlContextRoot":"/admin","defaultDir":"&{launcher.install.location}/ui/admin/default","extensionDir":"&{launcher.install.location}/ui/admin/extension","responseHeaders":{"X-Frame-Options":"DENY"},"_id":"ui.context/admin"},"service__factoryPid":"org.forgerock.openidm.ui.context"}
59	1	org.forgerock.openidm.schedule.832d9581-d9ae-4736-aa63-ad87e830d32a	0	{"config__factory-pid":"sunset-task","felix__fileinstall__filename":"file:/opt/openidm/conf/schedule-sunset-task.json","_rev":"0","service__pid":"org.forgerock.openidm.schedule.832d9581-d9ae-4736-aa63-ad87e830d32a","_id":"org.forgerock.openidm.schedule.832d9581-d9ae-4736-aa63-ad87e830d32a","jsonconfig":{"enabled":true,"type":"cron","schedule":"0 0 * * * ?","persisted":true,"concurrentExecution":false,"invokeService":"taskscanner","invokeContext":{"waitForCompletion":false,"numberOfThreads":5,"scan":{"_queryFilter":"((/sunset/date lt \\"${Time.now}\\") AND !(/sunset/task-completed pr))","object":"managed/user","taskState":{"started":"/sunset/task-started","completed":"/sunset/task-completed"},"recovery":{"timeout":"10m"}},"task":{"script":{"type":"text/javascript","file":"script/sunset.js"}}},"_id":"schedule/sunset-task"},"service__factoryPid":"org.forgerock.openidm.schedule"}
60	1	org.forgerock.openidm.ui.8a2fd12d-5c33-4d1e-86c6-54b75f73e15d	0	{"config__factory-pid":"dashboard","felix__fileinstall__filename":"file:/opt/openidm/conf/ui-dashboard.json","_rev":"0","service__pid":"org.forgerock.openidm.ui.8a2fd12d-5c33-4d1e-86c6-54b75f73e15d","_id":"org.forgerock.openidm.ui.8a2fd12d-5c33-4d1e-86c6-54b75f73e15d","jsonconfig":{"dashboard":{"widgets":[{"type":"workflow"},{"type":"quickStart","size":"large","cards":[{"name":"dashboard.quickStart.viewProfile","icon":"fa-user","href":"#profile/details"},{"name":"dashboard.quickStart.changePassword","icon":"fa-lock","href":"#signinandsecurity/password/"}]}]},"adminDashboards":[{"name":"Administration","isDefault":true,"widgets":[{"type":"quickStart","size":"large","cards":[{"name":"Add Connector","icon":"fa-database","href":"#connectors/add/"},{"name":"Create Mapping","icon":"fa-map-marker","href":"#mapping/add/"},{"name":"Manage Roles","icon":"fa-check-square-o","href":"#resource/managed/role/list/"},{"name":"Add Device","icon":"fa-tablet","href":"#managed/add/"},{"name":"Configure Registration","icon":"fa-gear","href":"#selfservice/userregistration/"},{"name":"Configure Password Reset","icon":"fa-gear","href":"#selfservice/passwordreset/"},{"name":"Manage Users","icon":"fa-user","href":"#resource/managed/user/list/"},{"name":"Configure System Preferences","icon":"fa-user","href":"#settings/"}]},{"type":"resourceList","size":"large"}]},{"name":"System Monitoring","isDefault":false,"widgets":[{"type":"audit","size":"large","minRange":"#b0d4cd","maxRange":"#24423c","legendRange":{"week":[10,30,90,270,810],"month":[500,2500,5000],"year":[10000,40000,100000,250000]}},{"type":"systemHealthFull","size":"large"},{"type":"lastRecon","size":"large","barchart":"false"}]}],"_id":"ui/dashboard"},"service__factoryPid":"org.forgerock.openidm.ui"}
61	1	org.forgerock.openidm.provisioner.openicf.56d7f7b9-a11a-4e62-8fc7-defa40030eea	0	{"config__factory-pid":"CsvTacticalUsers","felix__fileinstall__filename":"file:/opt/openidm/conf/provisioner.openicf-CsvTacticalUsers.json","_rev":"0","service__pid":"org.forgerock.openidm.provisioner.openicf.56d7f7b9-a11a-4e62-8fc7-defa40030eea","_id":"org.forgerock.openidm.provisioner.openicf.56d7f7b9-a11a-4e62-8fc7-defa40030eea","jsonconfig":{"connectorRef":{"systemType":"provisioner.openicf","bundleName":"org.forgerock.openicf.connectors.csvfile-connector","connectorName":"org.forgerock.openicf.csvfile.CSVFileConnector","displayName":"CSV File Connector","bundleVersion":"1.5.2.0"},"poolConfigOption":{"maxObjects":10,"maxIdle":10,"maxWait":150000,"minEvictableIdleTimeMillis":120000,"minIdle":1},"resultsHandlerConfig":{"enableNormalizingResultsHandler":true,"enableFilteredResultsHandler":true,"enableCaseInsensitiveFilter":false,"enableAttributesToGetSearchResultsHandler":true},"operationTimeout":{"CREATE":-1,"UPDATE":-1,"DELETE":-1,"TEST":-1,"SCRIPT_ON_CONNECTOR":-1,"SCRIPT_ON_RESOURCE":-1,"GET":-1,"RESOLVEUSERNAME":-1,"AUTHENTICATE":-1,"SEARCH":-1,"VALIDATE":-1,"SYNC":-1,"SCHEMA":-1},"configurationProperties":{"headerPassword":"ignoreNotUsed","csvFile":"/opt/data/tactical-users.csv","newlineString":"\\n","headerUid":"id","quoteCharacter":"\\"","fieldDelimiter":",","syncFileRetentionCount":"3","readSchema":false},"name":"CsvTacticalUsers","enabled":true,"objectTypes":{"RegisteredUser":{"$schema":"http://json-schema.org/draft-03/schema","type":"object","id":"__REGISTERED_USER__","nativeType":"__ACCOUNT__","properties":{"__UID__":{"type":"string","nativeName":"__UID__","nativeType":"string","flags":[],"required":true,"runAsUser":false},"surname":{"type":"string","nativeName":"surname","nativeType":"string","required":true},"forename":{"type":"string","nativeName":"forename","nativeType":"string","required":true},"email":{"type":"string","nativeName":"email","nativeType":"string","required":true},"password":{"type":"string","nativeName":"password","nativeType":"string","required":true},"pin":{"type":"string","nativeName":"pin","nativeType":"string","required":false},"enabled":{"type":"string","nativeName":"enabled","nativeType":"string","required":false},"roles":{"type":"string","nativeName":"roles","nativeType":"string","required":false}}}},"_id":"provisioner.openicf/CsvTacticalUsers"},"service__factoryPid":"org.forgerock.openidm.provisioner.openicf"}
63	1	org.forgerock.openidm.provisioner.openicf.4ee5df6e-0237-4008-aa0f-77784ebe8795	0	{"config__factory-pid":"ldap","felix__fileinstall__filename":"file:/opt/openidm/conf/provisioner.openicf-ldap.json","_rev":"0","service__pid":"org.forgerock.openidm.provisioner.openicf.4ee5df6e-0237-4008-aa0f-77784ebe8795","_id":"org.forgerock.openidm.provisioner.openicf.4ee5df6e-0237-4008-aa0f-77784ebe8795","jsonconfig":{"name":"ldap","connectorRef":{"bundleName":"org.forgerock.openicf.connectors.ldap-connector","bundleVersion":"[1.4.0.0,1.5.0.0)","connectorName":"org.identityconnectors.ldap.LdapConnector"},"configurationProperties":{"host":"fr-am","port":"1389","ssl":false,"principal":"cn=Directory Manager","credentials":{"$crypto":{"type":"x-simple-encryption","value":{"cipher":"AES/CBC/PKCS5Padding","salt":"NB9uS68o3aIjIi2ptMCuJQ==","data":"LG0aprQ1EItnqEfHeZaj/w==","iv":"4DKg0pRUmwaHzqMAsMxGPw==","key":"openidm-sym-default","mac":"WLJC42j7hQBnMy0BdxDMnw=="}}},"accountSearchFilter":null,"accountSynchronizationFilter":null,"groupSearchFilter":null,"groupSynchronizationFilter":null,"synchronizePasswords":false,"removeLogEntryObjectClassFromFilter":true,"modifiersNamesToFilterOut":[],"passwordDecryptionKey":null,"changeLogBlockSize":100,"attributesToSynchronize":[],"changeNumberAttribute":"changeNumber","passwordDecryptionInitializationVector":null,"filterWithOrInsteadOfAnd":false,"objectClassesToSynchronize":["inetOrgPerson","inetuser"],"vlvSortAttribute":"uid","passwordAttribute":"userPassword","useBlocks":false,"maintainPosixGroupMembership":false,"failover":[],"readSchema":true,"accountObjectClasses":["top","person","organizationalPerson","inetOrgPerson","inetUser"],"accountUserNameAttributes":["uid"],"groupMemberAttribute":"uniqueMember","usePagedResultControl":true,"blockSize":100,"uidAttribute":"entryUUID","maintainLdapGroupMembership":false,"respectResourcePasswordPolicyChangeAfterReset":false,"baseContexts":["dc=reform,dc=hmcts,dc=net"],"passwordAttributeToSynchronize":"password","groupObjectClasses":["top","groupofuniquenames"],"baseContextsToSynchronize":["dc=reform,dc=hmcts,dc=net"]},"resultsHandlerConfig":{"enableNormalizingResultsHandler":true,"enableFilteredResultsHandler":false,"enableCaseInsensitiveFilter":false,"enableAttributesToGetSearchResultsHandler":true},"poolConfigOption":{"maxObjects":10,"maxIdle":10,"maxWait":150000,"minEvictableIdleTimeMillis":120000,"minIdle":1},"operationTimeout":{"CREATE":-1,"VALIDATE":-1,"TEST":-1,"SCRIPT_ON_CONNECTOR":-1,"SCHEMA":-1,"DELETE":-1,"UPDATE":-1,"SYNC":-1,"AUTHENTICATE":-1,"GET":-1,"SCRIPT_ON_RESOURCE":-1,"SEARCH":-1},"syncFailureHandler":{"maxRetries":5,"postRetryAction":"logged-ignore"},"objectTypes":{"group":{"$schema":"http://json-schema.org/draft-03/schema","id":"__GROUP__","type":"object","nativeType":"__GROUP__","properties":{"seeAlso":{"type":"array","nativeType":"string","nativeName":"seeAlso","required":false,"items":{"type":"string","nativeType":"string"}},"description":{"type":"array","nativeType":"string","nativeName":"description","required":false,"items":{"type":"string","nativeType":"string"}},"uniqueMember":{"type":"array","nativeType":"string","nativeName":"uniqueMember","required":false,"items":{"type":"string","nativeType":"string"}},"dn":{"type":"string","nativeType":"string","nativeName":"__NAME__","required":true},"o":{"type":"array","nativeType":"string","nativeName":"o","required":false,"items":{"type":"string","nativeType":"string"}},"ou":{"type":"array","nativeType":"string","nativeName":"ou","required":false,"items":{"type":"string","nativeType":"string"}},"businessCategory":{"type":"array","nativeType":"string","nativeName":"businessCategory","required":false,"items":{"type":"string","nativeType":"string"}},"owner":{"type":"array","nativeType":"string","nativeName":"owner","required":false,"items":{"type":"string","nativeType":"string"}},"cn":{"type":"array","nativeType":"string","nativeName":"cn","required":true,"items":{"type":"string","nativeType":"string"}},"id":{"type":"string","nativeType":"string","nativeName":"id","required":false}}},"account":{"$schema":"http://json-schema.org/draft-03/schema","id":"__ACCOUNT__","type":"object","nativeType":"__ACCOUNT__","properties":{"cn":{"type":"string","nativeType":"string","nativeName":"cn","required":false},"employeeType":{"type":"string","nativeType":"string","nativeName":"employeeType","required":false},"description":{"type":"string","nativeType":"string","nativeName":"description","required":false},"givenName":{"type":"string","nativeType":"string","nativeName":"givenName","required":false},"mail":{"type":"string","nativeType":"string","nativeName":"mail","required":false},"telephoneNumber":{"type":"string","nativeType":"string","nativeName":"telephoneNumber","required":false},"sn":{"type":"string","nativeType":"string","nativeName":"sn","required":false},"uid":{"type":"string","nativeType":"string","nativeName":"uid","required":false},"dn":{"type":"string","nativeType":"string","nativeName":"__NAME__","required":true},"userPassword":{"type":"string","nativeType":"string","nativeName":"userPassword","required":false,"flags":["NOT_READABLE","NOT_RETURNED_BY_DEFAULT"],"runAsUser":true},"ldapGroups":{"type":"array","nativeType":"string","nativeName":"ldapGroups","required":false,"items":{"type":"string","nativeType":"string"}},"disabled":{"type":"string","nativeType":"string","nativeName":"ds-pwp-account-disabled","required":false},"aliasList":{"type":"array","nativeType":"string","nativeName":"iplanet-am-user-alias-list","required":false},"objectClass":{"type":"array","nativeType":"string","nativeName":"objectClass","required":false},"kbaInfo":{"type":"array","nativeType":"string","nativeName":"kbaInfo","required":false},"pwdAccountLockedTime":{"type":"string","nativeType":"string","nativeName":"pwdAccountLockedTime","flags":["NOT_UPDATEABLE"],"required":false},"inetUserStatus":{"type":"string","nativeName":"inetUserStatus","nativeType":"string","required":false}}}},"operationOptions":{"DELETE":{"denied":false,"onDeny":"DO_NOTHING"},"UPDATE":{"denied":false,"onDeny":"DO_NOTHING"},"CREATE":{"denied":false,"onDeny":"DO_NOTHING"}},"enabled":true,"_id":"provisioner.openicf/ldap"},"service__factoryPid":"org.forgerock.openidm.provisioner.openicf"}
62	1	org.forgerock.openidm.provisioner.openicf.factory	1	{"factory__pid":"org.forgerock.openidm.provisioner.openicf","factory__pidList":["org.forgerock.openidm.provisioner.openicf.4ee5df6e-0237-4008-aa0f-77784ebe8795","org.forgerock.openidm.provisioner.openicf.56d7f7b9-a11a-4e62-8fc7-defa40030eea","_openidm_orig_array","_openidm_orig_array_type=java.lang.String"],"_rev":"1","_id":"org.forgerock.openidm.provisioner.openicf.factory","jsonconfig":null}
\.

--
-- TOC entry 2759 (class 0 OID 16538)
-- Dependencies: 202
-- Data for Name: links; Type: TABLE DATA; Schema: openidm; Owner: openidm
--

COPY openidm.links (objectid, rev, linktype, linkqualifier, firstid, secondid) FROM stdin;
6a14c344-f839-40b6-bcd2-2581f6d531fe	0	managedRole_systemLdapGroup0	default	citizen	7553b356-9615-4b52-a1f8-2ad9478e676a
e54c41cd-d333-498b-a2fe-6aaf84b9c887	0	managedRole_systemLdapGroup0	default	solicitor	668a9a7d-dc10-4768-b07a-0a3da3cf0e89
ba5495c5-e845-48b8-9218-b8111071262e	0	managedRole_systemLdapGroup0	default	letter-holder	ab4a5b58-6bb4-443e-9cc5-5cc824bf23b6
0e377901-a7a4-4c41-a177-3f4a882301ef	0	managedRole_systemLdapGroup0	default	IDAM_ADMIN_USER	9fc0d36f-9950-4301-80f0-17530db40799
7eeaaa81-c6fe-4542-a8b1-3c1d17ff36cf	0	managedRole_systemLdapGroup0	default	IDAM_SUPER_USER	0f75f4e9-28e6-4dd7-9574-cb5f3d2feee6
412904a7-b948-4680-85f3-a91e191f278a	0	managedRole_systemLdapGroup0	default	IDAM_SYSTEM_OWNER	398c5d8e-25e1-4aff-8223-99d4f7b3cc7e
c641b69c-7447-4659-9e01-8dcd22d38532	0	managedUser_systemLdapAccount	default	cf9aba46-30d1-4102-ad78-3ff0ee84ac27	da500528-37a1-4f35-9427-c151e498dc28
\.


--
-- TOC entry 2751 (class 0 OID 16434)
-- Dependencies: 194
-- Data for Name: managedobjects; Type: TABLE DATA; Schema: openidm; Owner: openidm
--

COPY openidm.managedobjects (id, objecttypes_id, objectid, rev, fullobject) FROM stdin;
2	9	citizen	0	{"_id":"citizen","name":"citizen","description":"Citizen","mapping":"managedUser_systemLdapAccount","attributes":[{"name":"ldapGroups","value":["cn=citizen,ou=groups,dc=reform,dc=hmcts,dc=net"],"assignmentOperation":"mergeWithTarget","unassignmentOperation":"removeFromTarget"}],"_rev":"0"}
1	8	citizen	1	{"_id":"citizen","name":"citizen","description":"Citizen","assignableRoles":[],"conflictingRoles":[],"_rev":"1"}
4	9	solicitor	0	{"_id":"solicitor","name":"solicitor","description":"Solicitor","mapping":"managedUser_systemLdapAccount","attributes":[{"name":"ldapGroups","value":["cn=solicitor,ou=groups,dc=reform,dc=hmcts,dc=net"],"assignmentOperation":"mergeWithTarget","unassignmentOperation":"removeFromTarget"}],"_rev":"0"}
3	8	solicitor	1	{"_id":"solicitor","name":"solicitor","description":"Solicitor","assignableRoles":[],"conflictingRoles":[],"_rev":"1"}
6	9	letter-holder	0	{"_id":"letter-holder","name":"letter-holder","description":"Letter Holder","mapping":"managedUser_systemLdapAccount","attributes":[{"name":"ldapGroups","value":["cn=letter-holder,ou=groups,dc=reform,dc=hmcts,dc=net"],"assignmentOperation":"mergeWithTarget","unassignmentOperation":"removeFromTarget"}],"_rev":"0"}
5	8	letter-holder	1	{"_id":"letter-holder","name":"letter-holder","description":"Letter Holder","assignableRoles":[],"conflictingRoles":[],"_rev":"1"}
8	9	IDAM_ADMIN_USER	0	{"_id":"IDAM_ADMIN_USER","name":"IDAM_ADMIN_USER","description":"IdAM Admin User","mapping":"managedUser_systemLdapAccount","attributes":[{"name":"ldapGroups","value":["cn=IDAM_ADMIN_USER,ou=groups,dc=reform,dc=hmcts,dc=net"],"assignmentOperation":"mergeWithTarget","unassignmentOperation":"removeFromTarget"}],"_rev":"0"}
10	9	IDAM_SUPER_USER	0	{"_id":"IDAM_SUPER_USER","name":"IDAM_SUPER_USER","description":"IdAM Super User","mapping":"managedUser_systemLdapAccount","attributes":[{"name":"ldapGroups","value":["cn=IDAM_SUPER_USER,ou=groups,dc=reform,dc=hmcts,dc=net"],"assignmentOperation":"mergeWithTarget","unassignmentOperation":"removeFromTarget"}],"_rev":"0"}
12	9	IDAM_SYSTEM_OWNER	0	{"_id":"IDAM_SYSTEM_OWNER","name":"IDAM_SYSTEM_OWNER","description":"IdAM System Owner","mapping":"managedUser_systemLdapAccount","attributes":[{"name":"ldapGroups","value":["cn=IDAM_SYSTEM_OWNER,ou=groups,dc=reform,dc=hmcts,dc=net"],"assignmentOperation":"mergeWithTarget","unassignmentOperation":"removeFromTarget"}],"_rev":"0"}
11	8	IDAM_SYSTEM_OWNER	2	{"_id":"IDAM_SYSTEM_OWNER","name":"IDAM_SYSTEM_OWNER","description":"IdAM System Owner","assignableRoles":["IDAM_SUPER_USER"],"conflictingRoles":[],"_rev":"2"}
9	8	IDAM_SUPER_USER	2	{"_id":"IDAM_SUPER_USER","name":"IDAM_SUPER_USER","description":"IdAM Super User","assignableRoles":["IDAM_ADMIN_USER"],"conflictingRoles":[],"_rev":"2"}
7	8	IDAM_ADMIN_USER	2	{"_id":"IDAM_ADMIN_USER","name":"IDAM_ADMIN_USER","description":"IdAM Admin User","assignableRoles":["citizen"],"conflictingRoles":[],"_rev":"2"}
13	11	cf9aba46-30d1-4102-ad78-3ff0ee84ac27	3	{"password":{"$crypto":{"type":"x-simple-encryption","value":{"cipher":"AES/CBC/PKCS5Padding","salt":"QgF+0uTNolqb2c3hIqmxhA==","data":"LPfMEvFVuuSEw1gtLxfarA==","iv":"GsvabMP8zgIoaSoenqdtOw==","key":"openidm-sym-default","mac":"vLanaXoQOkMMRf/x+aKz+A=="}}},"mail":"idamOwner@HMCTS.NET","sn":"Owner","givenName":"System","userName":"idamOwner@HMCTS.NET","accountStatus":"active","lastChanged":{"date":"2019-04-08T12:46:41.070Z"},"effectiveRoles":[{"_ref":"managed/role/IDAM_SYSTEM_OWNER"}],"effectiveAssignments":[{"_id":"IDAM_SYSTEM_OWNER","name":"IDAM_SYSTEM_OWNER","description":"IdAM System Owner","mapping":"managedUser_systemLdapAccount","attributes":[{"name":"ldapGroups","value":["cn=IDAM_SYSTEM_OWNER,ou=groups,dc=reform,dc=hmcts,dc=net"],"assignmentOperation":"mergeWithTarget","unassignmentOperation":"removeFromTarget"}],"_rev":"0"}],"_id":"cf9aba46-30d1-4102-ad78-3ff0ee84ac27","_rev":"3","lastSync":{"managedUser_systemLdapAccount":{"effectiveAssignments":[{"_id":"IDAM_SYSTEM_OWNER","name":"IDAM_SYSTEM_OWNER","description":"IdAM System Owner","mapping":"managedUser_systemLdapAccount","attributes":[{"name":"ldapGroups","value":["cn=IDAM_SYSTEM_OWNER,ou=groups,dc=reform,dc=hmcts,dc=net"],"assignmentOperation":"mergeWithTarget","unassignmentOperation":"removeFromTarget"}],"_rev":"0"}],"timestamp":"2019-04-08T12:46:40.981Z"}}}
\.


--
-- TOC entry 2752 (class 0 OID 16451)
-- Dependencies: 195
-- Data for Name: managedobjectproperties; Type: TABLE DATA; Schema: openidm; Owner: openidm
--

COPY openidm.managedobjectproperties (managedobjects_id, propkey, proptype, propvalue) FROM stdin;
2	/_id	java.lang.String	citizen
2	/name	java.lang.String	citizen
2	/description	java.lang.String	Citizen
2	/mapping	java.lang.String	managedUser_systemLdapAccount
2	/attributes/0/name	java.lang.String	ldapGroups
2	/attributes/0/value/0	java.lang.String	cn=citizen,ou=groups,dc=reform,dc=hmcts,dc=net
2	/attributes/0/assignmentOperation	java.lang.String	mergeWithTarget
2	/attributes/0/unassignmentOperation	java.lang.String	removeFromTarget
2	/_rev	java.lang.String	0
1	/_id	java.lang.String	citizen
1	/name	java.lang.String	citizen
1	/description	java.lang.String	Citizen
1	/_rev	java.lang.String	1
4	/_id	java.lang.String	solicitor
4	/name	java.lang.String	solicitor
4	/description	java.lang.String	Solicitor
4	/mapping	java.lang.String	managedUser_systemLdapAccount
4	/attributes/0/name	java.lang.String	ldapGroups
4	/attributes/0/value/0	java.lang.String	cn=solicitor,ou=groups,dc=reform,dc=hmcts,dc=net
4	/attributes/0/assignmentOperation	java.lang.String	mergeWithTarget
4	/attributes/0/unassignmentOperation	java.lang.String	removeFromTarget
4	/_rev	java.lang.String	0
3	/_id	java.lang.String	solicitor
3	/name	java.lang.String	solicitor
3	/description	java.lang.String	Solicitor
3	/_rev	java.lang.String	1
6	/_id	java.lang.String	letter-holder
6	/name	java.lang.String	letter-holder
6	/description	java.lang.String	Letter Holder
6	/mapping	java.lang.String	managedUser_systemLdapAccount
6	/attributes/0/name	java.lang.String	ldapGroups
6	/attributes/0/value/0	java.lang.String	cn=letter-holder,ou=groups,dc=reform,dc=hmcts,dc=net
6	/attributes/0/assignmentOperation	java.lang.String	mergeWithTarget
6	/attributes/0/unassignmentOperation	java.lang.String	removeFromTarget
6	/_rev	java.lang.String	0
5	/_id	java.lang.String	letter-holder
5	/name	java.lang.String	letter-holder
5	/description	java.lang.String	Letter Holder
5	/_rev	java.lang.String	1
8	/_id	java.lang.String	IDAM_ADMIN_USER
8	/name	java.lang.String	IDAM_ADMIN_USER
8	/description	java.lang.String	IdAM Admin User
8	/mapping	java.lang.String	managedUser_systemLdapAccount
8	/attributes/0/name	java.lang.String	ldapGroups
8	/attributes/0/value/0	java.lang.String	cn=IDAM_ADMIN_USER,ou=groups,dc=reform,dc=hmcts,dc=net
8	/attributes/0/assignmentOperation	java.lang.String	mergeWithTarget
8	/attributes/0/unassignmentOperation	java.lang.String	removeFromTarget
8	/_rev	java.lang.String	0
10	/_id	java.lang.String	IDAM_SUPER_USER
10	/name	java.lang.String	IDAM_SUPER_USER
10	/description	java.lang.String	IdAM Super User
10	/mapping	java.lang.String	managedUser_systemLdapAccount
10	/attributes/0/name	java.lang.String	ldapGroups
10	/attributes/0/value/0	java.lang.String	cn=IDAM_SUPER_USER,ou=groups,dc=reform,dc=hmcts,dc=net
10	/attributes/0/assignmentOperation	java.lang.String	mergeWithTarget
10	/attributes/0/unassignmentOperation	java.lang.String	removeFromTarget
10	/_rev	java.lang.String	0
12	/_id	java.lang.String	IDAM_SYSTEM_OWNER
12	/name	java.lang.String	IDAM_SYSTEM_OWNER
12	/description	java.lang.String	IdAM System Owner
12	/mapping	java.lang.String	managedUser_systemLdapAccount
12	/attributes/0/name	java.lang.String	ldapGroups
12	/attributes/0/value/0	java.lang.String	cn=IDAM_SYSTEM_OWNER,ou=groups,dc=reform,dc=hmcts,dc=net
12	/attributes/0/assignmentOperation	java.lang.String	mergeWithTarget
12	/attributes/0/unassignmentOperation	java.lang.String	removeFromTarget
12	/_rev	java.lang.String	0
11	/_id	java.lang.String	IDAM_SYSTEM_OWNER
11	/name	java.lang.String	IDAM_SYSTEM_OWNER
11	/description	java.lang.String	IdAM System Owner
11	/assignableRoles/0	java.lang.String	IDAM_SUPER_USER
11	/_rev	java.lang.String	2
9	/_id	java.lang.String	IDAM_SUPER_USER
9	/name	java.lang.String	IDAM_SUPER_USER
9	/description	java.lang.String	IdAM Super User
9	/assignableRoles/0	java.lang.String	IDAM_ADMIN_USER
9	/_rev	java.lang.String	2
7	/_id	java.lang.String	IDAM_ADMIN_USER
7	/name	java.lang.String	IDAM_ADMIN_USER
7	/description	java.lang.String	IdAM Admin User
7	/assignableRoles/0	java.lang.String	citizen
7	/_rev	java.lang.String	2
\.


--
-- TOC entry 2757 (class 0 OID 16503)
-- Dependencies: 200
-- Data for Name: relationships; Type: TABLE DATA; Schema: openidm; Owner: openidm
--

COPY openidm.relationships (id, objecttypes_id, objectid, rev, fullobject) FROM stdin;
1	10	5f671c5b-634a-466d-ae73-d4dbc4593517	0	{"firstId":"managed/assignment/citizen","firstPropertyName":"roles","secondId":"managed/role/citizen","secondPropertyName":"assignments","properties":null,"_id":"5f671c5b-634a-466d-ae73-d4dbc4593517","_rev":"0"}
2	10	c18d9be5-6903-4357-922b-ef04ed5d887a	0	{"firstId":"managed/assignment/solicitor","firstPropertyName":"roles","secondId":"managed/role/solicitor","secondPropertyName":"assignments","properties":null,"_id":"c18d9be5-6903-4357-922b-ef04ed5d887a","_rev":"0"}
3	10	7e48028d-33ba-4533-b62c-b0fff1472a73	0	{"firstId":"managed/assignment/letter-holder","firstPropertyName":"roles","secondId":"managed/role/letter-holder","secondPropertyName":"assignments","properties":null,"_id":"7e48028d-33ba-4533-b62c-b0fff1472a73","_rev":"0"}
4	10	25b58263-4b13-4b59-a94e-91aea9fdfa2c	0	{"firstId":"managed/assignment/IDAM_ADMIN_USER","firstPropertyName":"roles","secondId":"managed/role/IDAM_ADMIN_USER","secondPropertyName":"assignments","properties":null,"_id":"25b58263-4b13-4b59-a94e-91aea9fdfa2c","_rev":"0"}
5	10	22beeb1a-b741-4996-b60e-2e6dd1679119	0	{"firstId":"managed/assignment/IDAM_SUPER_USER","firstPropertyName":"roles","secondId":"managed/role/IDAM_SUPER_USER","secondPropertyName":"assignments","properties":null,"_id":"22beeb1a-b741-4996-b60e-2e6dd1679119","_rev":"0"}
6	10	77da2f03-d992-43a1-a33c-81efcbb1d694	0	{"firstId":"managed/assignment/IDAM_SYSTEM_OWNER","firstPropertyName":"roles","secondId":"managed/role/IDAM_SYSTEM_OWNER","secondPropertyName":"assignments","properties":null,"_id":"77da2f03-d992-43a1-a33c-81efcbb1d694","_rev":"0"}
7	10	5c535c8e-9ea6-4b4e-986e-c0b7e7a57636	0	{"firstId":"managed/user/cf9aba46-30d1-4102-ad78-3ff0ee84ac27","firstPropertyName":"authzRoles","secondId":"repo/internal/role/openidm-authorized","secondPropertyName":"authzMembers","properties":null,"_id":"5c535c8e-9ea6-4b4e-986e-c0b7e7a57636","_rev":"0"}
8	10	ca42686e-43df-4e6b-8ccb-aa14bcb435b4	1	{"firstId":"managed/role/IDAM_SYSTEM_OWNER","firstPropertyName":"members","secondId":"managed/user/cf9aba46-30d1-4102-ad78-3ff0ee84ac27","secondPropertyName":"roles","properties":{},"_rev":"1","_id":"ca42686e-43df-4e6b-8ccb-aa14bcb435b4"}
\.


--
-- TOC entry 2764 (class 0 OID 16577)
-- Dependencies: 207
-- Data for Name: schedulerobjects; Type: TABLE DATA; Schema: openidm; Owner: openidm
--

COPY openidm.schedulerobjects (id, objecttypes_id, objectid, rev, fullobject) FROM stdin;
1	3	acquiredTriggers	0	{"localidm":[],"_id":"acquiredTriggers","_rev":"0"}
4	3	jobGroupNames	1	{"_id":"jobGroupNames","_rev":"1","names":["scheduler-service-group"]}
5	5	scheduler-service-group_$x$x$_reconcile-roles	0	{"paused":false,"_rev":"0","_id":"scheduler-service-group_$x$x$_reconcile-roles","key":"scheduler-service-group.reconcile-roles","serialized":"rO0ABXNyABRvcmcucXVhcnR6LkpvYkRldGFpbCv3Er7Ktmg7AgAJWgAKZHVyYWJpbGl0eVoADXNob3VsZFJlY292ZXJaAAp2b2xhdGlsaXR5TAALZGVzY3JpcHRpb250ABJMamF2YS9sYW5nL1N0cmluZztMAAVncm91cHEAfgABTAAIam9iQ2xhc3N0ABFMamF2YS9sYW5nL0NsYXNzO0wACmpvYkRhdGFNYXB0ABdMb3JnL3F1YXJ0ei9Kb2JEYXRhTWFwO0wADGpvYkxpc3RlbmVyc3QAD0xqYXZhL3V0aWwvU2V0O0wABG5hbWVxAH4AAXhwAAABcHQAF3NjaGVkdWxlci1zZXJ2aWNlLWdyb3VwdnIAPW9yZy5mb3JnZXJvY2sub3BlbmlkbS5xdWFydHouaW1wbC5TdGF0ZWZ1bFNjaGVkdWxlclNlcnZpY2VKb2IAAAAAAAAAAAAAAHhwc3IAFW9yZy5xdWFydHouSm9iRGF0YU1hcJ+wg+i/qbDLAgAAeHIAJm9yZy5xdWFydHoudXRpbHMuU3RyaW5nS2V5RGlydHlGbGFnTWFwggjow/vFXSgCAAFaABNhbGxvd3NUcmFuc2llbnREYXRheHIAHW9yZy5xdWFydHoudXRpbHMuRGlydHlGbGFnTWFwE+YurSh2Cs4CAAJaAAVkaXJ0eUwAA21hcHQAD0xqYXZhL3V0aWwvTWFwO3hwAXNyABFqYXZhLnV0aWwuSGFzaE1hcAUH2sHDFmDRAwACRgAKbG9hZEZhY3RvckkACXRocmVzaG9sZHhwP0AAAAAAAAx3CAAAABAAAAAFdAAXc2NoZWR1bGVyLmludm9rZVNlcnZpY2V0ABpvcmcuZm9yZ2Vyb2NrLm9wZW5pZG0uc3luY3QAFXNjaGVkdWxlci5jb25maWctbmFtZXQAGXNjaGVkdWxlci1yZWNvbmNpbGUtcm9sZXN0ABdzY2hlZHVsZXIuaW52b2tlQ29udGV4dHNyABdqYXZhLnV0aWwuTGlua2VkSGFzaE1hcDTATlwQbMD7AgABWgALYWNjZXNzT3JkZXJ4cQB+AA4/QAAAAAAAA3cIAAAABAAAAAJ0AAZhY3Rpb250AAlyZWNvbmNpbGV0AAdtYXBwaW5ndAAcbWFuYWdlZFJvbGVfc3lzdGVtTGRhcEdyb3VwMHgAdAAPc2NoZWR1bGUuY29uZmlndAFpeyAiZW5hYmxlZCI6IHRydWUsICJwZXJzaXN0ZWQiOiB0cnVlLCAibWlzZmlyZVBvbGljeSI6ICJmaXJlQW5kUHJvY2VlZCIsICJzY2hlZHVsZSI6ICIwIDAgMjAgKiAqID8iLCAidHlwZSI6ICJjcm9uIiwgImludm9rZVNlcnZpY2UiOiAib3JnLmZvcmdlcm9jay5vcGVuaWRtLnN5bmMiLCAiaW52b2tlQ29udGV4dCI6IHsgImFjdGlvbiI6ICJyZWNvbmNpbGUiLCAibWFwcGluZyI6ICJtYW5hZ2VkUm9sZV9zeXN0ZW1MZGFwR3JvdXAwIiB9LCAiaW52b2tlTG9nTGV2ZWwiOiAiaW5mbyIsICJ0aW1lWm9uZSI6IG51bGwsICJzdGFydFRpbWUiOiBudWxsLCAiZW5kVGltZSI6IG51bGwsICJjb25jdXJyZW50RXhlY3V0aW9uIjogZmFsc2UgfXQAGHNjaGVkdWxlci5pbnZva2VMb2dMZXZlbHQABGluZm94AHNyABdqYXZhLnV0aWwuTGlua2VkSGFzaFNldNhs11qV3SoeAgAAeHIAEWphdmEudXRpbC5IYXNoU2V0ukSFlZa4tzQDAAB4cHcMAAAAED9AAAAAAAAAeHQAD3JlY29uY2lsZS1yb2xlcw=="}
7	3	triggerGroupNames	1	{"_id":"triggerGroupNames","_rev":"1","names":["scheduler-service-group"]}
8	7	scheduler-service-group_$x$x$_trigger-reconcile-roles	0	{"serialized":"rO0ABXNyABZvcmcucXVhcnR6LkNyb25UcmlnZ2VyiAb06o3becICAAVMAAZjcm9uRXh0ABtMb3JnL3F1YXJ0ei9Dcm9uRXhwcmVzc2lvbjtMAAdlbmRUaW1ldAAQTGphdmEvdXRpbC9EYXRlO0wADG5leHRGaXJlVGltZXEAfgACTAAQcHJldmlvdXNGaXJlVGltZXEAfgACTAAJc3RhcnRUaW1lcQB+AAJ4cgASb3JnLnF1YXJ0ei5UcmlnZ2VyydFXOw3g9e4CAAxJABJtaXNmaXJlSW5zdHJ1Y3Rpb25JAAhwcmlvcml0eVoACnZvbGF0aWxpdHlMAAxjYWxlbmRhck5hbWV0ABJMamF2YS9sYW5nL1N0cmluZztMAAtkZXNjcmlwdGlvbnEAfgAETAAOZmlyZUluc3RhbmNlSWRxAH4ABEwABWdyb3VwcQB+AARMAApqb2JEYXRhTWFwdAAXTG9yZy9xdWFydHovSm9iRGF0YU1hcDtMAAhqb2JHcm91cHEAfgAETAAHam9iTmFtZXEAfgAETAAEbmFtZXEAfgAETAAQdHJpZ2dlckxpc3RlbmVyc3QAFkxqYXZhL3V0aWwvTGlua2VkTGlzdDt4cAAAAAEAAAAFAHBwcHQAF3NjaGVkdWxlci1zZXJ2aWNlLWdyb3Vwc3IAFW9yZy5xdWFydHouSm9iRGF0YU1hcJ+wg+i/qbDLAgAAeHIAJm9yZy5xdWFydHoudXRpbHMuU3RyaW5nS2V5RGlydHlGbGFnTWFwggjow/vFXSgCAAFaABNhbGxvd3NUcmFuc2llbnREYXRheHIAHW9yZy5xdWFydHoudXRpbHMuRGlydHlGbGFnTWFwE+YurSh2Cs4CAAJaAAVkaXJ0eUwAA21hcHQAD0xqYXZhL3V0aWwvTWFwO3hwAXNyABFqYXZhLnV0aWwuSGFzaE1hcAUH2sHDFmDRAwACRgAKbG9hZEZhY3RvckkACXRocmVzaG9sZHhwP0AAAAAAAAx3CAAAABAAAAAFdAAXc2NoZWR1bGVyLmludm9rZVNlcnZpY2V0ABpvcmcuZm9yZ2Vyb2NrLm9wZW5pZG0uc3luY3QAFXNjaGVkdWxlci5jb25maWctbmFtZXQAGXNjaGVkdWxlci1yZWNvbmNpbGUtcm9sZXN0ABdzY2hlZHVsZXIuaW52b2tlQ29udGV4dHNyABdqYXZhLnV0aWwuTGlua2VkSGFzaE1hcDTATlwQbMD7AgABWgALYWNjZXNzT3JkZXJ4cQB+AA4/QAAAAAAAA3cIAAAABAAAAAJ0AAZhY3Rpb250AAlyZWNvbmNpbGV0AAdtYXBwaW5ndAAcbWFuYWdlZFJvbGVfc3lzdGVtTGRhcEdyb3VwMHgAdAAPc2NoZWR1bGUuY29uZmlndAFpeyAiZW5hYmxlZCI6IHRydWUsICJwZXJzaXN0ZWQiOiB0cnVlLCAibWlzZmlyZVBvbGljeSI6ICJmaXJlQW5kUHJvY2VlZCIsICJzY2hlZHVsZSI6ICIwIDAgMjAgKiAqID8iLCAidHlwZSI6ICJjcm9uIiwgImludm9rZVNlcnZpY2UiOiAib3JnLmZvcmdlcm9jay5vcGVuaWRtLnN5bmMiLCAiaW52b2tlQ29udGV4dCI6IHsgImFjdGlvbiI6ICJyZWNvbmNpbGUiLCAibWFwcGluZyI6ICJtYW5hZ2VkUm9sZV9zeXN0ZW1MZGFwR3JvdXAwIiB9LCAiaW52b2tlTG9nTGV2ZWwiOiAiaW5mbyIsICJ0aW1lWm9uZSI6IG51bGwsICJzdGFydFRpbWUiOiBudWxsLCAiZW5kVGltZSI6IG51bGwsICJjb25jdXJyZW50RXhlY3V0aW9uIjogZmFsc2UgfXQAGHNjaGVkdWxlci5pbnZva2VMb2dMZXZlbHQABGluZm94AHEAfgAIdAAPcmVjb25jaWxlLXJvbGVzdAAXdHJpZ2dlci1yZWNvbmNpbGUtcm9sZXNzcgAUamF2YS51dGlsLkxpbmtlZExpc3QMKVNdSmCIIgMAAHhwdwQAAAAAeHNyABlvcmcucXVhcnR6LkNyb25FeHByZXNzaW9uAAAAAuR+Lw8CAAJMAA5jcm9uRXhwcmVzc2lvbnEAfgAETAAIdGltZVpvbmV0ABRMamF2YS91dGlsL1RpbWVab25lO3hwdAAMMCAwIDIwICogKiA/c3IAGnN1bi51dGlsLmNhbGVuZGFyLlpvbmVJbmZvJNHTzgAdcZsCAAhJAAhjaGVja3N1bUkACmRzdFNhdmluZ3NJAAlyYXdPZmZzZXRJAA1yYXdPZmZzZXREaWZmWgATd2lsbEdNVE9mZnNldENoYW5nZVsAB29mZnNldHN0AAJbSVsAFHNpbXBsZVRpbWVab25lUGFyYW1zcQB+AChbAAt0cmFuc2l0aW9uc3QAAltKeHIAEmphdmEudXRpbC5UaW1lWm9uZTGz6fV3RKyhAgABTAACSURxAH4ABHhwdAADR01UAAAAAAAAAAAAAAAAAAAAAABwcHBwc3IADmphdmEudXRpbC5EYXRlaGqBAUtZdBkDAAB4cHcIAAABaf6JOgB4cHNxAH4ALXcIAAABafzs25h4","name":"trigger-reconcile-roles","group":"scheduler-service-group","previous_state":-1,"state":0,"acquired":false,"nodeId":null,"_id":"scheduler-service-group_$x$x$_trigger-reconcile-roles","_rev":"0"}
9	5	scheduler-service-group_$x$x$_sunset-task	0	{"paused":false,"_rev":"0","_id":"scheduler-service-group_$x$x$_sunset-task","key":"scheduler-service-group.sunset-task","serialized":"rO0ABXNyABRvcmcucXVhcnR6LkpvYkRldGFpbCv3Er7Ktmg7AgAJWgAKZHVyYWJpbGl0eVoADXNob3VsZFJlY292ZXJaAAp2b2xhdGlsaXR5TAALZGVzY3JpcHRpb250ABJMamF2YS9sYW5nL1N0cmluZztMAAVncm91cHEAfgABTAAIam9iQ2xhc3N0ABFMamF2YS9sYW5nL0NsYXNzO0wACmpvYkRhdGFNYXB0ABdMb3JnL3F1YXJ0ei9Kb2JEYXRhTWFwO0wADGpvYkxpc3RlbmVyc3QAD0xqYXZhL3V0aWwvU2V0O0wABG5hbWVxAH4AAXhwAAABcHQAF3NjaGVkdWxlci1zZXJ2aWNlLWdyb3VwdnIAPW9yZy5mb3JnZXJvY2sub3BlbmlkbS5xdWFydHouaW1wbC5TdGF0ZWZ1bFNjaGVkdWxlclNlcnZpY2VKb2IAAAAAAAAAAAAAAHhwc3IAFW9yZy5xdWFydHouSm9iRGF0YU1hcJ+wg+i/qbDLAgAAeHIAJm9yZy5xdWFydHoudXRpbHMuU3RyaW5nS2V5RGlydHlGbGFnTWFwggjow/vFXSgCAAFaABNhbGxvd3NUcmFuc2llbnREYXRheHIAHW9yZy5xdWFydHoudXRpbHMuRGlydHlGbGFnTWFwE+YurSh2Cs4CAAJaAAVkaXJ0eUwAA21hcHQAD0xqYXZhL3V0aWwvTWFwO3hwAXNyABFqYXZhLnV0aWwuSGFzaE1hcAUH2sHDFmDRAwACRgAKbG9hZEZhY3RvckkACXRocmVzaG9sZHhwP0AAAAAAAAx3CAAAABAAAAAFdAAXc2NoZWR1bGVyLmludm9rZVNlcnZpY2V0ACFvcmcuZm9yZ2Vyb2NrLm9wZW5pZG0udGFza3NjYW5uZXJ0ABVzY2hlZHVsZXIuY29uZmlnLW5hbWV0ABVzY2hlZHVsZXItc3Vuc2V0LXRhc2t0ABdzY2hlZHVsZXIuaW52b2tlQ29udGV4dHNyABdqYXZhLnV0aWwuTGlua2VkSGFzaE1hcDTATlwQbMD7AgABWgALYWNjZXNzT3JkZXJ4cQB+AA4/QAAAAAAABncIAAAACAAAAAR0ABF3YWl0Rm9yQ29tcGxldGlvbnNyABFqYXZhLmxhbmcuQm9vbGVhbs0gcoDVnPruAgABWgAFdmFsdWV4cAB0AA9udW1iZXJPZlRocmVhZHNzcgARamF2YS5sYW5nLkludGVnZXIS4qCk94GHOAIAAUkABXZhbHVleHIAEGphdmEubGFuZy5OdW1iZXKGrJUdC5TgiwIAAHhwAAAABXQABHNjYW5zcQB+ABU/QAAAAAAABncIAAAACAAAAAR0AAxfcXVlcnlGaWx0ZXJ0AEIoKC9zdW5zZXQvZGF0ZSBsdCAiJHtUaW1lLm5vd30iKSBBTkQgISgvc3Vuc2V0L3Rhc2stY29tcGxldGVkIHByKSl0AAZvYmplY3R0AAxtYW5hZ2VkL3VzZXJ0AAl0YXNrU3RhdGVzcQB+ABU/QAAAAAAAA3cIAAAABAAAAAJ0AAdzdGFydGVkdAAUL3N1bnNldC90YXNrLXN0YXJ0ZWR0AAljb21wbGV0ZWR0ABYvc3Vuc2V0L3Rhc2stY29tcGxldGVkeAB0AAhyZWNvdmVyeXNxAH4AFT9AAAAAAAABdwgAAAACAAAAAXQAB3RpbWVvdXR0AAMxMG14AHgAdAAEdGFza3NxAH4AFT9AAAAAAAABdwgAAAACAAAAAXQABnNjcmlwdHNxAH4AFT9AAAAAAAADdwgAAAAEAAAAAnQABHR5cGV0AA90ZXh0L2phdmFzY3JpcHR0AARmaWxldAAQc2NyaXB0L3N1bnNldC5qc3gAeAB4AHQAD3NjaGVkdWxlLmNvbmZpZ3QCq3sgImVuYWJsZWQiOiB0cnVlLCAicGVyc2lzdGVkIjogdHJ1ZSwgIm1pc2ZpcmVQb2xpY3kiOiAiZmlyZUFuZFByb2NlZWQiLCAic2NoZWR1bGUiOiAiMCAwICogKiAqID8iLCAidHlwZSI6ICJjcm9uIiwgImludm9rZVNlcnZpY2UiOiAib3JnLmZvcmdlcm9jay5vcGVuaWRtLnRhc2tzY2FubmVyIiwgImludm9rZUNvbnRleHQiOiB7ICJ3YWl0Rm9yQ29tcGxldGlvbiI6IGZhbHNlLCAibnVtYmVyT2ZUaHJlYWRzIjogNSwgInNjYW4iOiB7ICJfcXVlcnlGaWx0ZXIiOiAiKCgvc3Vuc2V0L2RhdGUgbHQgXCIke1RpbWUubm93fVwiKSBBTkQgISgvc3Vuc2V0L3Rhc2stY29tcGxldGVkIHByKSkiLCAib2JqZWN0IjogIm1hbmFnZWQvdXNlciIsICJ0YXNrU3RhdGUiOiB7ICJzdGFydGVkIjogIi9zdW5zZXQvdGFzay1zdGFydGVkIiwgImNvbXBsZXRlZCI6ICIvc3Vuc2V0L3Rhc2stY29tcGxldGVkIiB9LCAicmVjb3ZlcnkiOiB7ICJ0aW1lb3V0IjogIjEwbSIgfSB9LCAidGFzayI6IHsgInNjcmlwdCI6IHsgInR5cGUiOiAidGV4dC9qYXZhc2NyaXB0IiwgImZpbGUiOiAic2NyaXB0L3N1bnNldC5qcyIgfSB9IH0sICJpbnZva2VMb2dMZXZlbCI6ICJpbmZvIiwgInRpbWVab25lIjogbnVsbCwgInN0YXJ0VGltZSI6IG51bGwsICJlbmRUaW1lIjogbnVsbCwgImNvbmN1cnJlbnRFeGVjdXRpb24iOiBmYWxzZSB9dAAYc2NoZWR1bGVyLmludm9rZUxvZ0xldmVsdAAEaW5mb3gAc3IAF2phdmEudXRpbC5MaW5rZWRIYXNoU2V02GzXWpXdKh4CAAB4cgARamF2YS51dGlsLkhhc2hTZXS6RIWVlri3NAMAAHhwdwwAAAAQP0AAAAAAAAB4dAALc3Vuc2V0LXRhc2s="}
10	7	scheduler-service-group_$x$x$_trigger-sunset-task	0	{"serialized":"rO0ABXNyABZvcmcucXVhcnR6LkNyb25UcmlnZ2VyiAb06o3becICAAVMAAZjcm9uRXh0ABtMb3JnL3F1YXJ0ei9Dcm9uRXhwcmVzc2lvbjtMAAdlbmRUaW1ldAAQTGphdmEvdXRpbC9EYXRlO0wADG5leHRGaXJlVGltZXEAfgACTAAQcHJldmlvdXNGaXJlVGltZXEAfgACTAAJc3RhcnRUaW1lcQB+AAJ4cgASb3JnLnF1YXJ0ei5UcmlnZ2VyydFXOw3g9e4CAAxJABJtaXNmaXJlSW5zdHJ1Y3Rpb25JAAhwcmlvcml0eVoACnZvbGF0aWxpdHlMAAxjYWxlbmRhck5hbWV0ABJMamF2YS9sYW5nL1N0cmluZztMAAtkZXNjcmlwdGlvbnEAfgAETAAOZmlyZUluc3RhbmNlSWRxAH4ABEwABWdyb3VwcQB+AARMAApqb2JEYXRhTWFwdAAXTG9yZy9xdWFydHovSm9iRGF0YU1hcDtMAAhqb2JHcm91cHEAfgAETAAHam9iTmFtZXEAfgAETAAEbmFtZXEAfgAETAAQdHJpZ2dlckxpc3RlbmVyc3QAFkxqYXZhL3V0aWwvTGlua2VkTGlzdDt4cAAAAAEAAAAFAHBwcHQAF3NjaGVkdWxlci1zZXJ2aWNlLWdyb3Vwc3IAFW9yZy5xdWFydHouSm9iRGF0YU1hcJ+wg+i/qbDLAgAAeHIAJm9yZy5xdWFydHoudXRpbHMuU3RyaW5nS2V5RGlydHlGbGFnTWFwggjow/vFXSgCAAFaABNhbGxvd3NUcmFuc2llbnREYXRheHIAHW9yZy5xdWFydHoudXRpbHMuRGlydHlGbGFnTWFwE+YurSh2Cs4CAAJaAAVkaXJ0eUwAA21hcHQAD0xqYXZhL3V0aWwvTWFwO3hwAXNyABFqYXZhLnV0aWwuSGFzaE1hcAUH2sHDFmDRAwACRgAKbG9hZEZhY3RvckkACXRocmVzaG9sZHhwP0AAAAAAAAx3CAAAABAAAAAFdAAXc2NoZWR1bGVyLmludm9rZVNlcnZpY2V0ACFvcmcuZm9yZ2Vyb2NrLm9wZW5pZG0udGFza3NjYW5uZXJ0ABVzY2hlZHVsZXIuY29uZmlnLW5hbWV0ABVzY2hlZHVsZXItc3Vuc2V0LXRhc2t0ABdzY2hlZHVsZXIuaW52b2tlQ29udGV4dHNyABdqYXZhLnV0aWwuTGlua2VkSGFzaE1hcDTATlwQbMD7AgABWgALYWNjZXNzT3JkZXJ4cQB+AA4/QAAAAAAABncIAAAACAAAAAR0ABF3YWl0Rm9yQ29tcGxldGlvbnNyABFqYXZhLmxhbmcuQm9vbGVhbs0gcoDVnPruAgABWgAFdmFsdWV4cAB0AA9udW1iZXJPZlRocmVhZHNzcgARamF2YS5sYW5nLkludGVnZXIS4qCk94GHOAIAAUkABXZhbHVleHIAEGphdmEubGFuZy5OdW1iZXKGrJUdC5TgiwIAAHhwAAAABXQABHNjYW5zcQB+ABU/QAAAAAAABncIAAAACAAAAAR0AAxfcXVlcnlGaWx0ZXJ0AEIoKC9zdW5zZXQvZGF0ZSBsdCAiJHtUaW1lLm5vd30iKSBBTkQgISgvc3Vuc2V0L3Rhc2stY29tcGxldGVkIHByKSl0AAZvYmplY3R0AAxtYW5hZ2VkL3VzZXJ0AAl0YXNrU3RhdGVzcQB+ABU/QAAAAAAAA3cIAAAABAAAAAJ0AAdzdGFydGVkdAAUL3N1bnNldC90YXNrLXN0YXJ0ZWR0AAljb21wbGV0ZWR0ABYvc3Vuc2V0L3Rhc2stY29tcGxldGVkeAB0AAhyZWNvdmVyeXNxAH4AFT9AAAAAAAABdwgAAAACAAAAAXQAB3RpbWVvdXR0AAMxMG14AHgAdAAEdGFza3NxAH4AFT9AAAAAAAABdwgAAAACAAAAAXQABnNjcmlwdHNxAH4AFT9AAAAAAAADdwgAAAAEAAAAAnQABHR5cGV0AA90ZXh0L2phdmFzY3JpcHR0AARmaWxldAAQc2NyaXB0L3N1bnNldC5qc3gAeAB4AHQAD3NjaGVkdWxlLmNvbmZpZ3QCq3sgImVuYWJsZWQiOiB0cnVlLCAicGVyc2lzdGVkIjogdHJ1ZSwgIm1pc2ZpcmVQb2xpY3kiOiAiZmlyZUFuZFByb2NlZWQiLCAic2NoZWR1bGUiOiAiMCAwICogKiAqID8iLCAidHlwZSI6ICJjcm9uIiwgImludm9rZVNlcnZpY2UiOiAib3JnLmZvcmdlcm9jay5vcGVuaWRtLnRhc2tzY2FubmVyIiwgImludm9rZUNvbnRleHQiOiB7ICJ3YWl0Rm9yQ29tcGxldGlvbiI6IGZhbHNlLCAibnVtYmVyT2ZUaHJlYWRzIjogNSwgInNjYW4iOiB7ICJfcXVlcnlGaWx0ZXIiOiAiKCgvc3Vuc2V0L2RhdGUgbHQgXCIke1RpbWUubm93fVwiKSBBTkQgISgvc3Vuc2V0L3Rhc2stY29tcGxldGVkIHByKSkiLCAib2JqZWN0IjogIm1hbmFnZWQvdXNlciIsICJ0YXNrU3RhdGUiOiB7ICJzdGFydGVkIjogIi9zdW5zZXQvdGFzay1zdGFydGVkIiwgImNvbXBsZXRlZCI6ICIvc3Vuc2V0L3Rhc2stY29tcGxldGVkIiB9LCAicmVjb3ZlcnkiOiB7ICJ0aW1lb3V0IjogIjEwbSIgfSB9LCAidGFzayI6IHsgInNjcmlwdCI6IHsgInR5cGUiOiAidGV4dC9qYXZhc2NyaXB0IiwgImZpbGUiOiAic2NyaXB0L3N1bnNldC5qcyIgfSB9IH0sICJpbnZva2VMb2dMZXZlbCI6ICJpbmZvIiwgInRpbWVab25lIjogbnVsbCwgInN0YXJ0VGltZSI6IG51bGwsICJlbmRUaW1lIjogbnVsbCwgImNvbmN1cnJlbnRFeGVjdXRpb24iOiBmYWxzZSB9dAAYc2NoZWR1bGVyLmludm9rZUxvZ0xldmVsdAAEaW5mb3gAcQB+AAh0AAtzdW5zZXQtdGFza3QAE3RyaWdnZXItc3Vuc2V0LXRhc2tzcgAUamF2YS51dGlsLkxpbmtlZExpc3QMKVNdSmCIIgMAAHhwdwQAAAAAeHNyABlvcmcucXVhcnR6LkNyb25FeHByZXNzaW9uAAAAAuR+Lw8CAAJMAA5jcm9uRXhwcmVzc2lvbnEAfgAETAAIdGltZVpvbmV0ABRMamF2YS91dGlsL1RpbWVab25lO3hwdAALMCAwICogKiAqID9zcgAac3VuLnV0aWwuY2FsZW5kYXIuWm9uZUluZm8k0dPOAB1xmwIACEkACGNoZWNrc3VtSQAKZHN0U2F2aW5nc0kACXJhd09mZnNldEkADXJhd09mZnNldERpZmZaABN3aWxsR01UT2Zmc2V0Q2hhbmdlWwAHb2Zmc2V0c3QAAltJWwAUc2ltcGxlVGltZVpvbmVQYXJhbXNxAH4AQ1sAC3RyYW5zaXRpb25zdAACW0p4cgASamF2YS51dGlsLlRpbWVab25lMbPp9XdErKECAAFMAAJJRHEAfgAEeHB0AANHTVQAAAAAAAAAAAAAAAAAAAAAAHBwcHBzcgAOamF2YS51dGlsLkRhdGVoaoEBS1l0GQMAAHhwdwgAAAFp/Qi0gHhwc3EAfgBIdwgAAAFp/OzbmHg=","name":"trigger-sunset-task","group":"scheduler-service-group","previous_state":-1,"state":0,"acquired":false,"nodeId":null,"_id":"scheduler-service-group_$x$x$_trigger-sunset-task","_rev":"0"}
3	4	scheduler-service-group	3	{"jobs":["reconcile-roles","sunset-task","reconcile-accounts"],"name":"scheduler-service-group","paused":false,"_rev":"3","_id":"scheduler-service-group"}
11	5	scheduler-service-group_$x$x$_reconcile-accounts	0	{"paused":false,"_rev":"0","_id":"scheduler-service-group_$x$x$_reconcile-accounts","key":"scheduler-service-group.reconcile-accounts","serialized":"rO0ABXNyABRvcmcucXVhcnR6LkpvYkRldGFpbCv3Er7Ktmg7AgAJWgAKZHVyYWJpbGl0eVoADXNob3VsZFJlY292ZXJaAAp2b2xhdGlsaXR5TAALZGVzY3JpcHRpb250ABJMamF2YS9sYW5nL1N0cmluZztMAAVncm91cHEAfgABTAAIam9iQ2xhc3N0ABFMamF2YS9sYW5nL0NsYXNzO0wACmpvYkRhdGFNYXB0ABdMb3JnL3F1YXJ0ei9Kb2JEYXRhTWFwO0wADGpvYkxpc3RlbmVyc3QAD0xqYXZhL3V0aWwvU2V0O0wABG5hbWVxAH4AAXhwAAABcHQAF3NjaGVkdWxlci1zZXJ2aWNlLWdyb3VwdnIAPW9yZy5mb3JnZXJvY2sub3BlbmlkbS5xdWFydHouaW1wbC5TdGF0ZWZ1bFNjaGVkdWxlclNlcnZpY2VKb2IAAAAAAAAAAAAAAHhwc3IAFW9yZy5xdWFydHouSm9iRGF0YU1hcJ+wg+i/qbDLAgAAeHIAJm9yZy5xdWFydHoudXRpbHMuU3RyaW5nS2V5RGlydHlGbGFnTWFwggjow/vFXSgCAAFaABNhbGxvd3NUcmFuc2llbnREYXRheHIAHW9yZy5xdWFydHoudXRpbHMuRGlydHlGbGFnTWFwE+YurSh2Cs4CAAJaAAVkaXJ0eUwAA21hcHQAD0xqYXZhL3V0aWwvTWFwO3hwAXNyABFqYXZhLnV0aWwuSGFzaE1hcAUH2sHDFmDRAwACRgAKbG9hZEZhY3RvckkACXRocmVzaG9sZHhwP0AAAAAAAAx3CAAAABAAAAAFdAAXc2NoZWR1bGVyLmludm9rZVNlcnZpY2V0ABpvcmcuZm9yZ2Vyb2NrLm9wZW5pZG0uc3luY3QAFXNjaGVkdWxlci5jb25maWctbmFtZXQAHHNjaGVkdWxlci1yZWNvbmNpbGUtYWNjb3VudHN0ABdzY2hlZHVsZXIuaW52b2tlQ29udGV4dHNyABdqYXZhLnV0aWwuTGlua2VkSGFzaE1hcDTATlwQbMD7AgABWgALYWNjZXNzT3JkZXJ4cQB+AA4/QAAAAAAAA3cIAAAABAAAAAJ0AAZhY3Rpb250AAlyZWNvbmNpbGV0AAdtYXBwaW5ndAAdbWFuYWdlZFVzZXJfc3lzdGVtTGRhcEFjY291bnR4AHQAD3NjaGVkdWxlLmNvbmZpZ3QBansgImVuYWJsZWQiOiB0cnVlLCAicGVyc2lzdGVkIjogdHJ1ZSwgIm1pc2ZpcmVQb2xpY3kiOiAiZmlyZUFuZFByb2NlZWQiLCAic2NoZWR1bGUiOiAiMCAwIDIyICogKiA/IiwgInR5cGUiOiAiY3JvbiIsICJpbnZva2VTZXJ2aWNlIjogIm9yZy5mb3JnZXJvY2sub3BlbmlkbS5zeW5jIiwgImludm9rZUNvbnRleHQiOiB7ICJhY3Rpb24iOiAicmVjb25jaWxlIiwgIm1hcHBpbmciOiAibWFuYWdlZFVzZXJfc3lzdGVtTGRhcEFjY291bnQiIH0sICJpbnZva2VMb2dMZXZlbCI6ICJpbmZvIiwgInRpbWVab25lIjogbnVsbCwgInN0YXJ0VGltZSI6IG51bGwsICJlbmRUaW1lIjogbnVsbCwgImNvbmN1cnJlbnRFeGVjdXRpb24iOiBmYWxzZSB9dAAYc2NoZWR1bGVyLmludm9rZUxvZ0xldmVsdAAEaW5mb3gAc3IAF2phdmEudXRpbC5MaW5rZWRIYXNoU2V02GzXWpXdKh4CAAB4cgARamF2YS51dGlsLkhhc2hTZXS6RIWVlri3NAMAAHhwdwwAAAAQP0AAAAAAAAB4dAAScmVjb25jaWxlLWFjY291bnRz"}
6	6	scheduler-service-group	3	{"triggers":["trigger-reconcile-roles","trigger-sunset-task","trigger-reconcile-accounts"],"name":"scheduler-service-group","paused":false,"_rev":"3","_id":"scheduler-service-group"}
12	7	scheduler-service-group_$x$x$_trigger-reconcile-accounts	0	{"serialized":"rO0ABXNyABZvcmcucXVhcnR6LkNyb25UcmlnZ2VyiAb06o3becICAAVMAAZjcm9uRXh0ABtMb3JnL3F1YXJ0ei9Dcm9uRXhwcmVzc2lvbjtMAAdlbmRUaW1ldAAQTGphdmEvdXRpbC9EYXRlO0wADG5leHRGaXJlVGltZXEAfgACTAAQcHJldmlvdXNGaXJlVGltZXEAfgACTAAJc3RhcnRUaW1lcQB+AAJ4cgASb3JnLnF1YXJ0ei5UcmlnZ2VyydFXOw3g9e4CAAxJABJtaXNmaXJlSW5zdHJ1Y3Rpb25JAAhwcmlvcml0eVoACnZvbGF0aWxpdHlMAAxjYWxlbmRhck5hbWV0ABJMamF2YS9sYW5nL1N0cmluZztMAAtkZXNjcmlwdGlvbnEAfgAETAAOZmlyZUluc3RhbmNlSWRxAH4ABEwABWdyb3VwcQB+AARMAApqb2JEYXRhTWFwdAAXTG9yZy9xdWFydHovSm9iRGF0YU1hcDtMAAhqb2JHcm91cHEAfgAETAAHam9iTmFtZXEAfgAETAAEbmFtZXEAfgAETAAQdHJpZ2dlckxpc3RlbmVyc3QAFkxqYXZhL3V0aWwvTGlua2VkTGlzdDt4cAAAAAEAAAAFAHBwcHQAF3NjaGVkdWxlci1zZXJ2aWNlLWdyb3Vwc3IAFW9yZy5xdWFydHouSm9iRGF0YU1hcJ+wg+i/qbDLAgAAeHIAJm9yZy5xdWFydHoudXRpbHMuU3RyaW5nS2V5RGlydHlGbGFnTWFwggjow/vFXSgCAAFaABNhbGxvd3NUcmFuc2llbnREYXRheHIAHW9yZy5xdWFydHoudXRpbHMuRGlydHlGbGFnTWFwE+YurSh2Cs4CAAJaAAVkaXJ0eUwAA21hcHQAD0xqYXZhL3V0aWwvTWFwO3hwAXNyABFqYXZhLnV0aWwuSGFzaE1hcAUH2sHDFmDRAwACRgAKbG9hZEZhY3RvckkACXRocmVzaG9sZHhwP0AAAAAAAAx3CAAAABAAAAAFdAAXc2NoZWR1bGVyLmludm9rZVNlcnZpY2V0ABpvcmcuZm9yZ2Vyb2NrLm9wZW5pZG0uc3luY3QAFXNjaGVkdWxlci5jb25maWctbmFtZXQAHHNjaGVkdWxlci1yZWNvbmNpbGUtYWNjb3VudHN0ABdzY2hlZHVsZXIuaW52b2tlQ29udGV4dHNyABdqYXZhLnV0aWwuTGlua2VkSGFzaE1hcDTATlwQbMD7AgABWgALYWNjZXNzT3JkZXJ4cQB+AA4/QAAAAAAAA3cIAAAABAAAAAJ0AAZhY3Rpb250AAlyZWNvbmNpbGV0AAdtYXBwaW5ndAAdbWFuYWdlZFVzZXJfc3lzdGVtTGRhcEFjY291bnR4AHQAD3NjaGVkdWxlLmNvbmZpZ3QBansgImVuYWJsZWQiOiB0cnVlLCAicGVyc2lzdGVkIjogdHJ1ZSwgIm1pc2ZpcmVQb2xpY3kiOiAiZmlyZUFuZFByb2NlZWQiLCAic2NoZWR1bGUiOiAiMCAwIDIyICogKiA/IiwgInR5cGUiOiAiY3JvbiIsICJpbnZva2VTZXJ2aWNlIjogIm9yZy5mb3JnZXJvY2sub3BlbmlkbS5zeW5jIiwgImludm9rZUNvbnRleHQiOiB7ICJhY3Rpb24iOiAicmVjb25jaWxlIiwgIm1hcHBpbmciOiAibWFuYWdlZFVzZXJfc3lzdGVtTGRhcEFjY291bnQiIH0sICJpbnZva2VMb2dMZXZlbCI6ICJpbmZvIiwgInRpbWVab25lIjogbnVsbCwgInN0YXJ0VGltZSI6IG51bGwsICJlbmRUaW1lIjogbnVsbCwgImNvbmN1cnJlbnRFeGVjdXRpb24iOiBmYWxzZSB9dAAYc2NoZWR1bGVyLmludm9rZUxvZ0xldmVsdAAEaW5mb3gAcQB+AAh0ABJyZWNvbmNpbGUtYWNjb3VudHN0ABp0cmlnZ2VyLXJlY29uY2lsZS1hY2NvdW50c3NyABRqYXZhLnV0aWwuTGlua2VkTGlzdAwpU11KYIgiAwAAeHB3BAAAAAB4c3IAGW9yZy5xdWFydHouQ3JvbkV4cHJlc3Npb24AAAAC5H4vDwIAAkwADmNyb25FeHByZXNzaW9ucQB+AARMAAh0aW1lWm9uZXQAFExqYXZhL3V0aWwvVGltZVpvbmU7eHB0AAwwIDAgMjIgKiAqID9zcgAac3VuLnV0aWwuY2FsZW5kYXIuWm9uZUluZm8k0dPOAB1xmwIACEkACGNoZWNrc3VtSQAKZHN0U2F2aW5nc0kACXJhd09mZnNldEkADXJhd09mZnNldERpZmZaABN3aWxsR01UT2Zmc2V0Q2hhbmdlWwAHb2Zmc2V0c3QAAltJWwAUc2ltcGxlVGltZVpvbmVQYXJhbXNxAH4AKFsAC3RyYW5zaXRpb25zdAACW0p4cgASamF2YS51dGlsLlRpbWVab25lMbPp9XdErKECAAFMAAJJRHEAfgAEeHB0AANHTVQAAAAAAAAAAAAAAAAAAAAAAHBwcHBzcgAOamF2YS51dGlsLkRhdGVoaoEBS1l0GQMAAHhwdwgAAAFp/vcXAHhwc3EAfgAtdwgAAAFp/OzbmHg=","name":"trigger-reconcile-accounts","group":"scheduler-service-group","previous_state":-1,"state":0,"acquired":false,"nodeId":null,"_id":"scheduler-service-group_$x$x$_trigger-reconcile-accounts","_rev":"0"}
2	3	waitingTriggers	3	{"names":["scheduler-service-group_$x$x$_trigger-reconcile-roles","scheduler-service-group_$x$x$_trigger-sunset-task","scheduler-service-group_$x$x$_trigger-reconcile-accounts"],"_id":"waitingTriggers","_rev":"3"}
\.

--
-- TOC entry 2811 (class 0 OID 0)
-- Dependencies: 210
-- Name: clusterobjects_id_seq; Type: SEQUENCE SET; Schema: openidm; Owner: openidm
--

SELECT pg_catalog.setval('openidm.clusterobjects_id_seq', 1, true);


--
-- TOC entry 2812 (class 0 OID 0)
-- Dependencies: 196
-- Name: configobjects_id_seq; Type: SEQUENCE SET; Schema: openidm; Owner: openidm
--

SELECT pg_catalog.setval('openidm.configobjects_id_seq', 63, true);


--
-- TOC entry 2813 (class 0 OID 0)
-- Dependencies: 190
-- Name: genericobjects_id_seq; Type: SEQUENCE SET; Schema: openidm; Owner: openidm
--

SELECT pg_catalog.setval('openidm.genericobjects_id_seq', 1, false);


--
-- TOC entry 2814 (class 0 OID 0)
-- Dependencies: 193
-- Name: managedobjects_id_seq; Type: SEQUENCE SET; Schema: openidm; Owner: openidm
--

SELECT pg_catalog.setval('openidm.managedobjects_id_seq', 13, true);


--
-- TOC entry 2815 (class 0 OID 0)
-- Dependencies: 188
-- Name: objecttypes_id_seq; Type: SEQUENCE SET; Schema: openidm; Owner: openidm
--

SELECT pg_catalog.setval('openidm.objecttypes_id_seq', 11, true);


--
-- TOC entry 2816 (class 0 OID 0)
-- Dependencies: 199
-- Name: relationships_id_seq; Type: SEQUENCE SET; Schema: openidm; Owner: openidm
--

SELECT pg_catalog.setval('openidm.relationships_id_seq', 8, true);


--
-- TOC entry 2817 (class 0 OID 0)
-- Dependencies: 206
-- Name: schedulerobjects_id_seq; Type: SEQUENCE SET; Schema: openidm; Owner: openidm
--

SELECT pg_catalog.setval('openidm.schedulerobjects_id_seq', 12, true);


--
-- TOC entry 2818 (class 0 OID 0)
-- Dependencies: 214
-- Name: updateobjects_id_seq; Type: SEQUENCE SET; Schema: openidm; Owner: openidm
--

SELECT pg_catalog.setval('openidm.updateobjects_id_seq', 1, false);


-- Completed on 2019-04-08 13:53:20 BST

--
-- PostgreSQL database dump complete
--

